<?xml version="1.0" encoding="UTF-8"?>
<DefaultStyles>
	<base family="sans-serif" fontSize="18"/>
	<style id="0" name="Regular Paragraph" firstLineIndentDelta="dpi*0.12" allowHyphenations="true"/>
	<style id="1" name="Title" fontSizeDelta="10" bold="true" spaceBefore="2" spaceAfter="7" alignment="center" allowHyphenations="false"/>
	<style id="3" name="Poem Title" fontSizeDelta="2" bold="true" spaceBefore="6" spaceAfter="6" leftIndent="40" allowHyphenations="false"/>
	<style id="2" name="Section Title" fontSizeDelta="6" bold="true" spaceAfter="5" alignment="center" allowHyphenations="false"/>
	<style id="31" name="Header 1" fontSizeDelta="6" bold="true" spaceAfter="5" alignment="center" allowHyphenations="false"/>
	<style id="32" name="Header 2" fontSizeDelta="6" bold="true" spaceAfter="5" alignment="center" allowHyphenations="false"/>
	<style id="5" name="Annotation" fontSizeDelta="-2" firstLineIndentDelta="dpi*0.12" allowHyphenations="true"/>
	<style id="6" name="Epigraph" fontSizeDelta="-2" italic="true" leftIndent="80" allowHyphenations="true"/>
	<style id="4" name="Subtitle" bold="true" allowHyphenations="true"/>
	<style id="33" name="Header 3" bold="true" allowHyphenations="true"/>
	<style id="34" name="Header 4" bold="true" allowHyphenations="true"/>
	<style id="13" name="Author" leftIndent="20" allowHyphenations="false"/>
	<style id="14" name="Date" leftIndent="40" allowHyphenations="false"/>
	<style id="7" name="Stanza" spaceBefore="6" spaceAfter="6" alignment="left" allowHyphenations="false"/>
	<style id="8" name="Verse" leftIndent="20" alignment="left" allowHyphenations="false"/>
	<style id="10" name="Image" spaceBefore="8" alignment="center"/>
	<style id="9" name="Preformatted text" family="Monospace" alignment="left" allowHyphenations="false"/>

	<style id="12" partial="true" name="Cite" italic="true"/>
	<style id="15" partial="true" name="Internal Hyperlink" allowHyphenations="false" underline="true"/>
	<style id="37" partial="true" name="External Hyperlink" allowHyphenations="false" underline="true"/>
	<style id="16" partial="true" name="Footnote" fontSizeDelta="-5" vShift="7" allowHyphenations="false"/>
	<style id="17" partial="true" name="Emphasis" italic="true"/>
	<style id="18" partial="true" name="Strong" bold="true"/>
	<style id="35" name="Header 5" bold="true"/>
	<style id="36" name="Header 6" bold="true"/>
	<style id="19" partial="true" name="Subscript" fontSizeDelta="-4" vShift="-4" allowHyphenations="false"/>
	<style id="20" partial="true" name="Superscript" fontSizeDelta="-4" vShift="10" allowHyphenations="false"/>
	<style id="21" partial="true" name="Code" italic="true" allowHyphenations="false"/>
	<style id="22" partial="true" name="StrikeThrough" strikeThrough="true"/>
	<style id="27" partial="true" name="Italic" italic="true"/>
	<style id="28" partial="true" name="Bold" bold="true"/>
	<style id="29" partial="true" name="Definition" italic="true"/>
	<style id="30" partial="true" name="Definition Description" italic="true"/>
</DefaultStyles>
