<?xml version="1.0" encoding="UTF-8"?>
<!-- English FBReaderJ resources, by Geometer Plus -->
<resources>
	<node name="library" value="FBReader library">
		<node name="unknownAuthor" value="Unknown author"/>
		<node name="booksWithNoTags" value="Books with no tags"/>
		<node name="demo" value="sample"/>
		<node name="byAuthor" value="By author">
			<node name="summary" value="Books sorted by author"/>
		</node>
		<node name="byTitle" value="By title">
			<node name="summary" value="Books sorted by title"/>
		</node>
		<node name="bySeries" value="By series">
			<node name="summary" value="Books sorted by series"/>
		</node>
		<node name="byTag" value="By tag">
			<node name="summary" value="Books sorted by tag"/>
		</node>
		<node name="recent" value="Recent">
			<node name="summary" value="Recently opened books"/>
		</node>
		<node name="favorites" value="Favorites">
			<node name="summary" value="My selected books"/>
		</node>
		<node name="found" value="Found">
			<node name="summary" value="Search results for: %s"/>
		</node>
		<node name="fileTree" value="File tree">
			<node name="summary" value="Browse file system"/>
		</node>
		<node name="fileTreeRoot" value="Device">
			<node name="summary" value="Full file system of the device"/>
		</node>
		<node name="fileTreeCard" value="Memory card">
			<node name="summary" value="Memory card inserted into the device"/>
		</node>
		<node name="fileTreeLibrary" value="FBReader library">
			<node name="summary" value="FBReader books directory"/>
		</node>
		<node name="menu">
			<node name="localSearch" value="Search"/>
			<node name="rescan" value="Rescan"/>
		</node>
		<node name="openBook" value="Open book"/>
		<node name="showBookInfo" value="Book info"/>
		<node name="shareBook" value="Share book"/>
		<node name="deleteBook" value="Delete book"/>
		<node name="addToFavorites" value="Add to favorites"/>
		<node name="removeFromFavorites" value="Remove from favorites"/>
		<node name="markAsRead" value="Mark as read"/>
		<node name="markAsUnread" value="Mark as unread"/>
	</node>
	<node name="networkLibrary" value="FBReader network library">
		<node name="byAuthor" value="By author">
			<node name="summary" value="Books sorted by author"/>
		</node>
		<node name="byTitle" value="By title">
			<node name="summary" value="Books sorted by title"/>
		</node>
		<node name="byDate" value="By date">
			<node name="summary" value="Books sorted by date of purchasing"/>
		</node>
		<node name="bySeries" value="By series">
			<node name="summary" value="Books sorted by series"/>
		</node>
		<node name="search" value="Search">
			<node name="summary" value="Search books on %s"/>
			<node name="summaryAllCatalogs" value="Search books in all catalogs"/>
			<node name="summaryInProgress" value="Search in progress"/>
		</node>
		<node name="found" value="Found">
			<node name="summary" value="Search results for: %s"/>
		</node>
		<node name="openCatalog" value="Open catalog"/>
		<node name="networkSearch" value="Search"/>
		<node name="showResults" value="Show results"/>
		<node name="showBooks" value="Show books"/>
		<node name="download" value="Download"/>
		<node name="read" value="Read local copy"/>
		<node name="delete" value="Delete local copy"/>
		<node name="readDemo" value="Read sample"/>
		<node name="deleteDemo" value="Delete sample"/>
		<node name="downloadDemo" value="Download sample"/>
		<node name="buy" value="Buy (%s)"/>
		<node name="addToBasket" value="Add to basket"/>
		<node name="removeFromBasket" value="Remove from basket"/>
		<node name="openBasket" value="Open basket"/>
		<node name="clearBasket" value="Clear basket"/>
		<node name="buyAllBooks" value="Buy all books"/>
		<node name="openInBrowser" value="Open in browser"/>
		<node name="stopLoading" value="Stop loading"/>
		<node name="stopSearching" value="Stop searching"/>
		<node name="signIn" value="Sign in"/>
		<node name="signOut" value="Sign out (%s)"/>
		<node name="topup" value="Top up account (currently: %s)"/>
		<node name="topupTitle" value="Top up account"/>
		<node name="topupViaBrowser" value="Open page in browser"/>
		<node name="authorizationMenuTitle" value="Select action"/>
		<node name="topupSummary" value="Currently: %s"/>
		<node name="basket" value="Basket"/>
		<node name="basketSummaryEmpty" value="No books"/>
		<node name="basketSummaryCountOnly" value="%0 books">
			<node condition="value 1" value="%0 book"/>
		</node>
		<node name="basketSummary" value="%0 books (%1)">
			<node condition="value 1" value="%0 book (%1)"/>
		</node>
		<node name="alreadyDownloading" value="Book is being downloaded"/>
		<node name="alreadyDownloadingDemo" value="Sample is being downloaded"/>
		<node name="stoppingCatalogLoading" value="Stopping loading"/>
		<node name="stoppingNetworkSearch" value="Stopping search"/>
		<node name="editCustomCatalog" value="Edit catalog"/>
		<node name="removeCustomCatalog" value="Remove catalog"/>
		<node name="addCustomCatalog" value="Add catalog"/>
		<node name="addCustomCatalogSummary" value="Add custom OPDS catalog manually"/>
		<node name="confirmQuestions">
			<node name="read" value="Do you want to read local copy?"/>
			<node name="download" value="Do you want to download this book?"/>
			<node name="readDemo" value="Do you want to read sample?"/>
			<node name="downloadDemo" value="Do you want to download sample?"/>
			<node name="buy" value="Do you want to buy this book? (%s)"/>
			<node name="openInBrowser" value="Do you want to open this catalog in browser?"/>
		</node>
		<node name="downloadingCatalogs" value="Downloading catalogs"/>
		<!-- used as notification title -->
		<node name="searchingNetwork" value="Searching for books in network"/>
		<!-- used as notification title -->
		<node name="addCatalog">
			<node name="title" value="Add catalog"/>
			<node name="editUrl" value="Enter URL manually"/>
		</node>
		<node name="menu">
			<node name="networkSearch" value="Search"/>
			<node name="reload" value="Reload"/>
			<node name="signIn" value="Sign in"/>
			<node name="signUp" value="Sign up"/>
			<node name="signOut" value="Sign out (%s)"/>
			<node name="topup" value="Top up account"/>
			<node name="addCustomCatalog" value="Add catalog"/>
			<node name="refreshCatalogsList" value="Refresh catalogs"/>
			<node name="languages" value="Language filter"/>
			<node name="clearBasket" value="Clear basket"/>
			<node name="buyAllBooks" value="Buy all books"/>
		</node>
	</node>
	<node name="buyBook">
		<node name="title" value="Purchase book"/>
		<node name="titleSeveralBooks" value="Purchase books"/>
		<node name="confirm" value="Are you sure you want to buy &#10;“%s”?"/>
		<node name="confirmSeveralBooks" value="Are you sure you want to buy %s books?"/>
		<node name="alreadyBought" value="Book is already bought"/>
		<node name="notAuthorized" value="Authorization required"/>
		<node name="noAccountInformation" value="Cannot load account state"/>
		<node name="unsufficientFunds" value="This purchase costs %0 and you have only %1"/>
		<node name="zeroFunds" value="This purchase costs %0"/>
	</node>
	<node name="bookInfo">
		<node name="bookInfo" value="Book Info"/>
		<node name="fileInfo" value="File Info"/>
		<node name="description" value="Description"/>
		<node name="noDescription" value="No description available."/>
		<node name="annotation" value="Annotation"/>
		<node name="title" value="Title:"/>
		<node name="authors" value="Authors:">
			<node condition="value 1" value="Author:"/>
		</node>
		<node name="series" value="Series:"/>
		<node name="indexInSeries" value="Index in series:"/>
		<node name="tags" value="Tags:">
			<node condition="value 1" value="Tag:"/>
		</node>
		<node name="language" value="Language:"/>
		<node name="name" value="Name:"/>
		<node name="type" value="Type:"/>
		<node name="size" value="Size:"/>
		<node name="time" value="Last modified:"/>
		<node name="sizeInBytes" value="%s bytes">
			<node condition="value 1" value="%s byte"/>
		</node>
		<node name="sizeInKiloBytes" value="%s kB"/>
		<node name="catalog" value="Catalog:"/>
		<node name="extraLinks" value="Related links"/>
		<node name="menu">
			<node name="edit" value="Edit"/>
		</node>
	</node>
	<node name="bookDownloader">
		<node name="tickerSuccess" value="Book has been downloaded"/>
		<node name="tickerError" value="Book download error"/>
		<node name="contentSuccess" value="Download complete"/>
		<node name="contentError" value="Download failed"/>
		<node name="downloadingStarted" value="Book downloading has been started"/>
		<node name="alreadyDownloading" value="Book is already being downloaded"/>
		<node name="cannotCreateDirectory" value="Unable to create directory %s"/>
		<node name="cannotCreateFile" value="Unable to create file %s"/>
	</node>
	<node name="tocView">
		<node name="expandTree" value="Expand tree"/>
		<node name="collapseTree" value="Collapse tree"/>
		<node name="readText" value="Read book text"/>
	</node>
	<node name="bookmarksView">
		<node name="thisBook" value="This book"/>
		<node name="allBooks" value="All books"/>
		<node name="found" value="Found"/>
		<node name="new" value="New bookmark"/>
		<node name="open" value="Open"/>
		<node name="edit" value="Edit bookmark"/>
		<node name="delete" value="Delete bookmark"/>
		<node name="menu">
			<node name="search" value="Search"/>
		</node>
	</node>
	<node name="cancelMenu">
		<node name="library" value="Open library"/>
		<node name="networkLibrary" value="Open network library"/>
		<node name="previousBook" value="Open previous book"/>
		<node name="returnTo" value="Return to …"/>
		<node name="back" value="Back"/>
		<node name="forward" value="Forward"/>
		<node name="close" value="Close FBReader"/>
	</node>
	<node name="style" value="Style %s"/>
	<node name="highlightingStyleMenu">
		<node name="editStyle" value="Edit style…"/>
		<node name="deleteBookmark" value="Delete bookmark"/>
	</node>
	<node name="editStyle">
		<node name="name" value="Style name"/>
		<node name="invisible" value="Invisible">
			<node name="summaryOn" value="Do not highlight bookmarks"/>
			<node name="summaryOff" value="Highlight bookmarks"/>
		</node>
		<node name="bgColor" value="Background color"/>
	</node>
	<node name="selection" value="Selection">
		<node name="copyToClipboard" value="Copy to clipboard"/>
		<node name="openInDictionary" value="Open in dictionary"/>
		<node name="quoteFrom" value="Quote from %s"/>
		<node name="textInBuffer" value="Copied to the clipboard:&#10;%s"/>
		<node name="bookmarkCreated" value="Bookmark created:&#10;%s"/>
		<node name="clearSelection" value="Clear"/>
	</node>
	<node name="sharing">
		<node name="sharedFrom" value="Shared from &lt;a href=&quot;http://www.fbreader.org/&quot;&gt;FBReader&lt;/a&gt;"/>
	</node>
	<node name="menu">
		<node name="preferences" value="Settings"/>
		<node name="bookInfo" value="Book info"/>
		<node name="library" value="Library"/>
		<node name="toc" value="TOC"/>
		<node name="day" value="Day"/>
		<node name="night" value="Night"/>
		<node name="networkLibrary" value="Network library"/>
		<node name="navigate" value="Navigate">
			<node name="toc" value="Table of Contents"/>
			<node name="gotoHome" value="Go to Start of Document"/>
			<node name="gotoPageNumber" value="Go to Page…"/>
			<node name="gotoSectionStart" value="Go to Start of Text Section"/>
			<node name="gotoSectionEnd" value="Go to End of Text Section"/>
			<node name="nextTOCSection" value="Go to Next TOC Item"/>
			<node name="previousTOCSection" value="Go to Previous TOC Item"/>
			<node name="undo" value="Go Back"/>
			<node name="redo" value="Go Forward"/>
		</node>
		<node name="shareBook" value="Share book"/>
		<node name="search" value="Search"/>
		<node name="rotate" value="Rotate screen"/>
		<node name="screenOrientation" value="Screen orientation"/>
		<node name="screenOrientationSystem" value="System"/>
		<node name="screenOrientationSensor" value="Device orientation sensitive"/>
		<node name="screenOrientationPortrait" value="Portrait"/>
		<node name="screenOrientationLandscape" value="Landscape"/>
		<node name="screenOrientationReversePortrait" value="Reverse portrait"/>
		<node name="screenOrientationReverseLandscape" value="Reverse landscape"/>
		<node name="increaseFont" value="Zoom in"/>
		<node name="decreaseFont" value="Zoom out"/>
		<node name="toggleFullscreen" value="Full Screen"/>
		<node name="bookmarks" value="Bookmarks"/>
	</node>
	<node name="BookInfo">
		<node name="fileName" value="File name"/>
		<node name="title" value="Title"/>
		<node name="language" value="Language"/>
		<node name="encoding" value="Encoding"/>
		<node name="authors" value="Author(s)"/>
		<node name="tags" value="Tag(s)"/>
		<node name="series" value="Series"/>
	</node>
	<node name="Preferences">
		<node name="directories" value="Directories">
			<node name="summary" value="Directories to seek for files"/>
			<node name="books" value="Books directory"/>
			<node name="fonts" value="Fonts directory"/>
			<node name="wallpapers" value="Wallpapers directory"/>
		</node>
		<node name="appearance" value="Appearance">
			<node name="summary" value="Display settings, status bar, button lights"/>
			<node name="language" value="Interface language"/>
			<node name="screenOrientation" value="Screen orientation">
				<node name="system" value="System"/>
				<node name="sensor" value="Device orientation sensitive"/>
				<node name="portrait" value="Portrait"/>
				<node name="landscape" value="Landscape"/>
				<node name="reversePortrait" value="Reverse portrait"/>
				<node name="reverseLandscape" value="Reverse landscape"/>
			</node>
			<node name="autoOrientation" value="Automatic rotation">
				<node name="summaryOn" value="The display will rotate when user moves the device"/>
				<node name="summaryOff" value="The display will not rotate when user moves the device"/>
			</node>
			<node name="showStatusBar" value="Show status bar">
				<node name="summaryOn" value="Show status bar in reading mode"/>
				<node name="summaryOff" value="Hide status bar in reading mode"/>
			</node>
			<node name="showActionBar" value="Show action bar">
				<node name="summaryOn" value="Show action bar in reading mode"/>
				<node name="summaryOff" value="Hide action bar in reading mode"/>
			</node>
			<node name="showStatusBarWhenMenuIsActive" value="Show status bar when menu is active">
				<node name="summaryOn" value="Show status bar when menu becomes active"/>
				<node name="summaryOff" value="Don't show status bar when menu becomes active"/>
			</node>
			<node name="disableButtonLights" value="Disable buttons light during reading">
				<node name="summaryOn" value="Disable button lights (does not work for some devices)"/>
				<node name="summaryOff" value="Don't try to disable button lights"/>
			</node>
			<node name="twoColumnView" value="Two column view">
				<node name="summaryOn" value="Display text in two columns when device is held horizontally"/>
				<node name="summaryOff" value="Always display text in one column"/>
			</node>
			<node name="allowScreenBrightnessAdjustment" value="Screen brightness adjustment">
				<node name="summaryOn" value="By dragging finger up/down along left side of the screen"/>
				<node name="summaryOff" value="Disabled"/>
			</node>
			<node name="dontTurnScreenOff" value="Prevent screen from sleeping">
				<node name="0" value="Always"/>
				<node name="25" value="While battery level is greater than 25 percent"/>
				<node name="50" value="While battery level is greater than 50 percent"/>
				<node name="100" value="Never"/>
			</node>
			<node name="dontTurnScreenOffDuringCharging" value="Prevent screen from sleeping during charging">
				<node name="summaryOn" value="Prevent screen from sleeping if device is in charging mode"/>
				<node name="summaryOff" value="Switch screen off even if device is in charging mode"/>
			</node>
		</node>
		<node name="text" value="Text">
			<node name="summary" value="Font, hyphenations, etc."/>
			<node name="fontProperties" value="Font properties">
				<node name="summary" value="Font smoothing options"/>
				<node name="antiAlias" value="Antialiasing">
					<node name="summaryOn" value="Antialiasing is enabled"/>
					<node name="summaryOff" value="Antialiasing is disabled"/>
				</node>
				<node name="deviceKerning" value="Device kerning">
					<node name="summaryOn" value="Device kerning is enabled"/>
					<node name="summaryOff" value="Device kerning is disabled"/>
				</node>
				<node name="dithering" value="Dithering">
					<node name="summaryOn" value="Color dithering is enabled"/>
					<node name="summaryOff" value="Color dithering is disabled"/>
				</node>
				<node name="hinting" value="Hinting">
					<node name="summaryOn" value="Font hinting is enabled"/>
					<node name="summaryOff" value="Font hinting is disabled"/>
				</node>
				<node name="subpixel" value="Subpixel smoothing">
					<node name="summaryOn" value="Subpixel smoothing is enabled"/>
					<node name="summaryOff" value="Subpixel smoothing is disabled"/>
				</node>
			</node>
			<node name="font" value="Font family">
				<node name="unchanged" value="&lt;unchanged&gt;"/>
			</node>
			<node name="fontSize" value="Font size"/>
			<node name="fontSizeDifference" value="Font size difference"/>
			<node name="fontStyle" value="Font style">
				<node name="regular" value="Regular"/>
				<node name="bold" value="Bold"/>
				<node name="italic" value="Italic"/>
				<node name="boldItalic" value="Bold Italic"/>
			</node>
			<node name="bold" value="Bold">
				<node name="summaryOn" value="bold"/>
				<node name="summaryOff" value="regular"/>
				<node name="unchanged" value="&lt;unchanged&gt;"/>
			</node>
			<node name="italic" value="Italic">
				<node name="summaryOn" value="italic"/>
				<node name="summaryOff" value="regular"/>
				<node name="unchanged" value="&lt;unchanged&gt;"/>
			</node>
			<node name="underlined" value="Underlined">
				<node name="summaryOn" value="underlined"/>
				<node name="summaryOff" value="regular"/>
				<node name="unchanged" value="&lt;unchanged&gt;"/>
			</node>
			<node name="strikedThrough" value="Striked through">
				<node name="summaryOn" value="striked through"/>
				<node name="summaryOff" value="regular"/>
				<node name="unchanged" value="&lt;unchanged&gt;"/>
			</node>
			<node name="lineSpacing" value="Line Spacing">
				<node name="unchanged" value="&lt;unchanged&gt;"/>
			</node>
			<node name="alignment" value="Alignment">
				<node name="left" value="Left"/>
				<node name="right" value="Right"/>
				<node name="center" value="Center"/>
				<node name="justify" value="Justify"/>
				<node name="unchanged" value="&lt;unchanged&gt;"/>
			</node>
			<node name="autoHyphenations" value="Auto hyphenations">
				<node name="summaryOn" value="Hyphenate words automatically"/>
				<node name="summaryOff" value="Do not hyphenate words automatically"/>
			</node>
			<node name="allowHyphenations" value="Allow Hyphenations">
				<node name="summaryOn" value="hyphenate words"/>
				<node name="summaryOff" value="don't hyphenate words"/>
				<node name="unchanged" value="&lt;unchanged&gt;"/>
			</node>
			<node name="firstLineIndent" value="First Line Indent"/>
			<node name="spaceBefore" value="Space Before"/>
			<node name="spaceAfter" value="Space After"/>
			<node name="leftIndent" value="Left Indent"/>
			<node name="rightIndent" value="Right Indent"/>
			<node name="more" value="More styles">
				<node name="summary" value="Separate settings for titles, epigraphs, etc."/>
				<node name="Regular Paragraph" value="Regular Paragraph">
					<node name="summary" value=""/>
				</node>
				<node name="Title" value="Title">
					<node name="summary" value=""/>
				</node>
				<node name="Section Title" value="Section Title">
					<node name="summary" value=""/>
				</node>
				<node name="Poem Title" value="Poem Title">
					<node name="summary" value=""/>
				</node>
				<node name="Subtitle" value="Subtitle">
					<node name="summary" value=""/>
				</node>
				<node name="Annotation" value="Annotation">
					<node name="summary" value=""/>
				</node>
				<node name="Epigraph" value="Epigraph">
					<node name="summary" value=""/>
				</node>
				<node name="Stanza" value="Stanza">
					<node name="summary" value=""/>
				</node>
				<node name="Verse" value="Verse">
					<node name="summary" value=""/>
				</node>
				<node name="Preformatted text" value="Preformatted text">
					<node name="summary" value=""/>
				</node>
				<node name="Image" value="Image">
					<node name="summary" value=""/>
				</node>
				<node name="Cite" value="Cite">
					<node name="summary" value=""/>
				</node>
				<node name="Author" value="Author">
					<node name="summary" value=""/>
				</node>
				<node name="Date" value="Date">
					<node name="summary" value=""/>
				</node>
				<node name="Internal Hyperlink" value="Internal Hyperlink">
					<node name="summary" value=""/>
				</node>
				<node name="Footnote" value="Footnote">
					<node name="summary" value=""/>
				</node>
				<node name="Emphasis" value="Emphasis">
					<node name="summary" value=""/>
				</node>
				<node name="Strong" value="Strong">
					<node name="summary" value=""/>
				</node>
				<node name="Subscript" value="Subscript">
					<node name="summary" value=""/>
				</node>
				<node name="Superscript" value="Superscript">
					<node name="summary" value=""/>
				</node>
				<node name="Code" value="Code">
					<node name="summary" value=""/>
				</node>
				<node name="StrikeThrough" value="StrikeThrough">
					<node name="summary" value=""/>
				</node>
				<node name="Italic" value="Italic">
					<node name="summary" value=""/>
				</node>
				<node name="Bold" value="Bold">
					<node name="summary" value=""/>
				</node>
				<node name="Definition" value="Definition">
					<node name="summary" value=""/>
				</node>
				<node name="Definition Description" value="Definition Description">
					<node name="summary" value=""/>
				</node>
				<node name="Header 1" value="Header 1">
					<node name="summary" value=""/>
				</node>
				<node name="Header 2" value="Header 2">
					<node name="summary" value=""/>
				</node>
				<node name="Header 3" value="Header 3">
					<node name="summary" value=""/>
				</node>
				<node name="Header 4" value="Header 4">
					<node name="summary" value=""/>
				</node>
				<node name="Header 5" value="Header 5">
					<node name="summary" value=""/>
				</node>
				<node name="Header 6" value="Header 6">
					<node name="summary" value=""/>
				</node>
				<node name="External Hyperlink" value="External Hyperlink">
					<node name="summary" value=""/>
				</node>
			</node>
		</node>
		<node name="css" value="CSS">
			<node name="summary" value="Apply/ignore values defined in CSS"/>
			<node name="fontSize" value="Font size">
				<node name="summaryOn" value="Apply font size defined in CSS"/>
				<node name="summaryOff" value="Ignore font size defined in CSS"/>
			</node>
			<node name="textAlignment" value="Text alignment">
				<node name="summaryOn" value="Apply text alignment defined in CSS"/>
				<node name="summaryOff" value="Ignore text alignment defined in CSS"/>
			</node>
		</node>
		<node name="colors" value="Colors &amp; wallpapers">
			<node name="summary" value="Color settings"/>
			<node name="background" value="Background">
				<node name="solidColor" value="Solid color"/>
				<node name="leather" value="Leather"/>
				<node name="sepia" value="Sepia"/>
				<node name="wood" value="Wood"/>
			</node>
			<node name="backgroundColor" value="Background color"/>
			<node name="selectionBackground" value="Selection background"/>
			<node name="selectionForeground" value="Selected text"/>
			<node name="text" value="Regular text"/>
			<node name="hyperlink" value="Hyperlink text"/>
			<node name="hyperlinkVisited" value="Visited hyperlink text"/>
			<node name="highlighting" value="Search results background"/>
			<node name="footer" value="Footer"/>
		</node>
		<node name="margins" value="Margins">
			<node name="summary" value="Text margins"/>
			<node name="left" value="Left margin"/>
			<node name="right" value="Right margin"/>
			<node name="top" value="Top margin"/>
			<node name="bottom" value="Bottom margin"/>
			<node name="spaceBetweenColumns" value="Space between columns"/>
		</node>
		<node name="scrollBar" value="Progress indicator">
			<node name="summary" value="Scrollbar &amp; footer settings"/>
			<node name="scrollbarType" value="Scrollbar type">
				<node name="hide" value="Hide"/>
				<node name="show" value="Vertical slider"/>
				<node name="showAsProgress" value="Vertical progress bar"/>
				<node name="showAsFooter" value="Horizontal footer"/>
			</node>
			<node name="footerHeight" value="Footer height"/>
			<node name="footerColor" value="Footer color"/>
			<node name="tocMarks" value="Show TOC marks">
				<node name="summaryOn" value="Show TOC marks in the footer bar"/>
				<node name="summaryOff" value="Don't show TOC marks in the footer bar"/>
			</node>
			<node name="showProgress" value="Show page number">
				<node name="summaryOn" value="Show page number in footer"/>
				<node name="summaryOff" value="Don't show page number in footer"/>
			</node>
			<node name="showBattery" value="Show battery level">
				<node name="summaryOn" value="Show battery level in footer"/>
				<node name="summaryOff" value="Don't show battery level in footer"/>
			</node>
			<node name="showClock" value="Show clock">
				<node name="summaryOn" value="Show clock in footer"/>
				<node name="summaryOff" value="Don't show clock in footer"/>
			</node>
			<node name="font" value="Font family"/>
		</node>
		<node name="scrolling" value="Page turning">
			<node name="summary" value="How to turn pages"/>
			<node name="fingerScrolling" value="Touch screen page turning">
				<node name="byTap" value="Turn pages by finger tap"/>
				<node name="byFlick" value="Turn pages by finger flick"/>
				<node name="byTapAndFlick" value="Turn pages by finger tap or flick"/>
			</node>
			<node name="enableDoubleTapDetection" value="Double tap detection">
				<node name="summaryOn" value="Double tap to run navigation dialog/menu"/>
				<node name="summaryOff" value="Ignore double taps"/>
			</node>
			<node name="volumeKeys" value="Turn page with volume keys">
				<node name="summaryOn" value="Use volume keys to turn the pages"/>
				<node name="summaryOff" value="Keep volume keys for sound"/>
			</node>
			<node name="invertVolumeKeys" value="Invert volume keys direction">
				<node name="summaryOn" value="Louder (lower) key turns to previous (next) page"/>
				<node name="summaryOff" value="Lower (louder) key turns to next (previous) page"/>
			</node>
			<node name="animation" value="Animation">
				<node name="none" value="Turn pages with no animation"/>
				<node name="curl" value="Curl animation"/>
				<node name="slide" value="Slide animation"/>
				<node name="shift" value="Shift animation"/>
			</node>
			<node name="animationSpeed" value="Animation speed">
				<node name="fast" value="fast"/>
				<node name="slow" value="slow"/>
			</node>
			<node name="horizontal" value="Horizontal scrolling">
				<node name="summaryOn" value="Scroll pages horizontally"/>
				<node name="summaryOff" value="Scroll pages vertically"/>
			</node>
		</node>
		<node name="tapZones" value="Tap zones">
			<node name="summary" value="Actions on finger tap"/>
			<node name="tapZonesScheme" value="Tap zones scheme">
				<node name="left_to_right" value="Left to right page scrolling"/>
				<node name="right_to_left" value="Right to left page scrolling"/>
				<node name="up" value="Down to up page scrolling"/>
				<node name="down" value="Up to down page scrolling"/>
				<node name="custom" value="Custom…"/>
			</node>
		</node>
		<node name="dictionary" value="Dictionary">
			<node name="summary" value="Dictionary settings"/>
			<node name="dictionary" value="Dictionary"/>
			<node name="translator" value="Translator"/>
			<node name="tappingAction" value="Long tapping action">
				<node name="doNothing" value="Long tapping does nothing"/>
				<node name="selectSingleWord" value="Long tapping selects single word"/>
				<node name="startSelecting" value="Long tapping initiates selecting"/>
				<node name="openDictionary" value="Long tapping selects single word, release opens dictionary"/>
			</node>
			<node name="navigateOverAllWords" value="Navigate over all words">
				<node name="summaryOn" value="Key navigation visits all words"/>
				<node name="summaryOff" value="Key navigation visits hyperlinks only"/>
			</node>
		</node>
		<node name="images" value="Images">
			<node name="summary" value="Image displaying options"/>
			<node name="backgroundColor" value="Background color for image view"/>
			<node name="tappingAction" value="Long tapping action">
				<node name="doNothing" value="Long tapping does nothing"/>
				<node name="selectImage" value="Long tapping selects the image"/>
				<node name="openImageView" value="Long tapping opens image view"/>
			</node>
			<node name="fitImagesToScreen" value="Fit images to screen">
				<node name="none" value="None"/>
				<node name="covers" value="Covers only"/>
				<node name="all" value="All"/>
			</node>
		</node>
		<node name="cancelMenu" value="Cancel menu">
			<node name="summary" value="Back button action list"/>
			<node name="library" value="Library">
				<node name="summaryOn" value="Show 'open library' item"/>
				<node name="summaryOff" value="Don't show 'open library' item"/>
			</node>
			<node name="networkLibrary" value="Network library">
				<node name="summaryOn" value="Show 'open network library' item"/>
				<node name="summaryOff" value="Don't show 'open network library' item"/>
			</node>
			<node name="previousBook" value="Previous book">
				<node name="summaryOn" value="Show 'return to previous book' item"/>
				<node name="summaryOff" value="Don't show 'return to previous book' item"/>
			</node>
			<node name="positions" value="Last 3 positions">
				<node name="summaryOn" value="Show items for last 3 positions in the book"/>
				<node name="summaryOff" value="Don't show items for last 3 positions in the book"/>
			</node>
			<node name="backKeyAction" value="Back key action">
				<node name="exit" value="Close FBReader"/>
				<node name="goBack" value="Navigate back"/>
				<node name="cancelMenu" value="Show cancel menu"/>
			</node>
			<node name="backKeyLongPressAction" value="Back key long press action">
				<node name="exit" value="Close FBReader"/>
				<node name="goBack" value="Navigate back"/>
				<node name="cancelMenu" value="Show cancel menu"/>
				<node name="none" value="No action"/>
			</node>
		</node>
		<node name="tips" value="Tips">
			<node name="summary" value="Daily tips settings"/>
			<node name="showTips" value="Show tips">
				<node name="summaryOn" value="Show daily tips"/>
				<node name="summaryOff" value="Do not show"/>
			</node>
		</node>
		<node name="about" value="About FBReader">
			<node name="summary" value="Version info, contacts"/>
			<node name="version" value="Version"/>
			<node name="site" value="Visit our website">
				<node name="url" value="http://www.fbreader.org/"/>
			</node>
			<node name="email" value="Send us an e-mail">
				<node name="url" value="mailto:contact@geometerplus.com"/>
			</node>
			<node name="twitter" value="Follow us at twitter">
				<node name="url" value="http://twitter.com/fbreader"/>
			</node>
		</node>
	</node>
	<node name="dialog">
		<node name="button">
			<node name="install" value="Install"/>
			<node name="update" value="Update"/>
			<node name="skip" value="Skip"/>
			<node name="buy" value="Buy"/>
			<node name="buyAndDownload" value="Buy and download"/>
			<node name="continue" value="Continue"/>
			<node name="editUrl" value="Edit URL"/>
			<node name="tryAgain" value="Try again"/>
			<node name="openBook" value="Read"/>
			<node name="editInfo" value="Edit"/>
			<node name="reloadInfo" value="Reload"/>
			<node name="shareBook" value="Share"/>
			<node name="topup" value="Top up"/>
			<node name="pay" value="Pay"/>
			<node name="refresh" value="Refresh"/>
			<node name="authorize" value="Authorize"/>
			<node name="resetPosition" value="Reset position"/>
			<node name="sendReport" value="Send report"/>
			<node name="addToFavorites" value="Add to favorites"/>
			<node name="removeFromFavorites" value="Remove from favorites"/>
			<node name="markAsRead" value="Mark as read"/>
			<node name="markAsUnread" value="Mark as unread"/>
		</node>
		<node name="plugin">
			<node name="installTitle" value="Install plugin"/>
			<node name="updateTitle" value="Update plugin"/>
			<node name="dontAskAgain" value="Don't ask again"/>
		</node>
		<node name="installDictionary">
			<node name="title" value="Install dictionary"/>
			<node name="message" value="Would you like to install %s?"/>
		</node>
		<node name="deleteBookBox">
			<node name="message" value="The book file will be removed irreversibly. Are you sure?"/>
		</node>
		<node name="redownloadFileBox">
			<node name="message" value="File already exists. Redownload?"/>
		</node>
		<node name="waitMessage">
			<node name="downloadingFile" value="Downloading book %s"/>
			<node name="search" value="Searching. Please, wait…"/>
			<node name="loadInfo" value="Loading information. Please, wait…"/>
			<node name="loadingBook" value="Opening book. Please, wait…"/>
			<node name="loadingBookList" value="Opening library. Please, wait…"/>
			<node name="creatingBooksDatabase" value="Creating books database. Please, wait…"/>
			<node name="updatingBooksDatabase" value="Updating books database. Please, wait…"/>
			<node name="loadingNetworkLibrary" value="Opening library. Please, wait…"/>
			<node name="authentication" value="Authentication. Please, wait…"/>
			<node name="signOut" value="Signing out. Please, wait…"/>
			<node name="purchaseBook" value="Purchase book. Please, wait…"/>
			<node name="loadingCatalogInfo" value="Loading catalog information. Please, wait…"/>
			<node name="loadingNetworkBookInfo" value="Loading book information. Please, wait…"/>
			<node name="updatingCatalogsList" value="Updating catalogs list. Please, wait…"/>
			<node name="updatingAccountInformation" value="Updating account information. Please, wait…"/>
		</node>
		<node name="networkError">
			<node name="internalError" value="Internal server error"/>
			<node name="purchaseNotEnoughMoney" value="Not enough money"/>
			<node name="purchaseMissingBook" value="Missing book"/>
			<node name="purchaseAlreadyPurchased" value="Already purchased"/>
			<node name="bookNotPurchased" value="Book was not purchased"/>
			<node name="downloadLimitExceeded" value="Download limit exceeded"/>
			<node name="noUserEmail" value="No user was registered&#10;with specified e-mail address"/>
			<node name="unsupportedOperation" value="Unsupported operation"/>
			<node name="notAnOPDS" value="This is not an OPDS catalog"/>
			<node name="noRequiredInformation" value="Required information is not specified in the catalog"/>
			<node name="cacheDirectoryError" value="Unable to create cache directory"/>
		</node>
		<node name="AuthenticationDialog">
			<node name="title" value="Authentication"/>
			<node name="unencryptedWarning" value="Your password will be sent unencrypted"/>
			<node name="login" value="Username"/>
			<node name="password" value="Password"/>
			<node name="loginIsEmpty" value="Username should be non-empty"/>
			<node name="register" value="Sign up"/>
		</node>
		<node name="CustomCatalogDialog">
			<node name="title" value="FBReader: add custom catalog"/>
			<node name="catalogTitle" value="Title"/>
			<node name="catalogUrl" value="URL"/>
			<node name="catalogSummary" value="Summary"/>
			<node name="catalogTitleExample" value="E.g.: Project Gutenberg catalog"/>
			<node name="catalogUrlExample" value="E.g.: http://m.gutenberg.org/"/>
			<node name="catalogSummaryExample" value="E.g.: Public domain books"/>
			<node name="titleIsEmpty" value="Title should be non-empty"/>
			<node name="urlIsEmpty" value="URL should be non-empty"/>
			<node name="invalidUrl" value="Invalid URL"/>
			<node name="titleAlreadyExists" value="Specified title is already in use"/>
			<node name="siteAlreadyExists" value="Specified site is already in use"/>
		</node>
		<node name="languageFilterDialog">
			<node name="title" value="Language filter"/>
		</node>
		<node name="tips">
			<node name="title" value="Tip of the day"/>
			<node name="initializationText" value="Would you like to read FBReader daily tips? New tips would be downloaded from FBReader site. Expected network traffic is 1-2 kilobytes per week.&#10;&#10;Enable tips?"/>
			<node name="dontShowAgain" value="Don't show again"/>
			<node name="more" value="Next tip"/>
		</node>
	</node>
	<node name="errorMessage">
		<node name="cannotRunAndroidMarket" value="Cannot access Android Market. Please, install %s manually"/>
		<node name="textNotFound" value="There is no suitable text in the book, sorry"/>
		<node name="bookNotFound" value="There are no suitable books in the library, sorry"/>
		<node name="bookmarkNotFound" value="There are no suitable bookmarks, sorry"/>
		<node name="cannotOpenBook" value="Cannot open this book at the moment, sorry"/>
		<node name="dictionaryIsNotInstalled" value="Dictionary is not installed, sorry"/>
		<node name="permissionDenied" value="Permission denied, sorry"/>
		<node name="noFavorites" value="Your favorites list is empty, sorry"/>
		<node name="noSeries" value="There are no books in series, sorry"/>
		<node name="emptyCatalog" value="Catalog is empty, sorry"/>
		<node name="emptyBasket" value="Your basket is empty, sorry"/>
		<node name="emptyNetworkSearchResults" value="No books found, sorry"/>
	</node>
	<node name="external">
		<node name="browser" value="Browser"/>
		<node name="defaultBrowser" value="Default Browser"/>
	</node>
	<node name="mobipocketPlugin">
		<node name="unknown" value="Unknown Error"/>
		<node name="unsupportedCompressionMethod" value="Unsupported Compression Method"/>
		<node name="encryptedFile" value="DRM-protected File"/>
	</node>
	<node name="crash">
		<node name="fixBooksDirectory">
			<node name="title" value="FBReader issue"/>
			<node name="text" value="FBReader cache directory is not accessible for writing. May be you forget to insert or unmount your memory card. Please fix this issue or enter another directory name below."/>
		</node>
		<node name="missingNativeLibrary">
			<node name="title" value="FBReader issue"/>
			<node name="text" value="FBReader can not load native library. May be it is not properly installed. If the issue persists please try to reinstall FBReader."/>
		</node>
	</node>
	<node name="error">
		<node name="bookReading">
			<node name="title" value="FBReader issue"/>
		</node>
	</node>
	<node name="bookReadingException">
		<node name="errorReadingFile" value="Error occured during reading '%s'"/>
		<node name="errorReadingZip" value="Error occured during extracting '%s'"/>
		<node name="pluginNotFound" value="No plugin for '%s'"/>
		<node name="unknownPluginType" value="Unknown plugin type: %s"/>
		<node name="fileNotFound" value="File is not found: %s"/>
		<node name="opfFileNotFound" value="OPF is not found in %s"/>
		<node name="unsupportedFileFormat" value="File format is not supported for '%s'"/>
		<node name="errorParsingRtf" value="Rtf parsing error in: %s"/>
	</node>
</resources>
