<?xml version="1.0" encoding="UTF-8"?>
<!-- Spanish FBReaderJ resources, by Antonio Trueba, updated by Francisco Alvarado -->
<!-- CHANGELOG
	19-09-2013: Updated (Diego Bernardi, sponsored by Panacea Supplies)
	11-07-2012: Update release as per FBReader v1.6.5 (Francisco Alvarado)
	07-30-2011: First complete release as per FBReader v. 1.1.9 (Antonio Trueba)
-->
<resources>
	<node name="library" value="Biblioteca FBReader">
		<node name="unknownAuthor" value="Autor desconocido"/>
		<node name="booksWithNoTags" value="Libros sin etiqueta"/>
		<node name="demo" value="muestra"/>
		<node name="byAuthor" value="Por autor">
			<node name="summary" value="Libros ordenados por autor"/>
		</node>
		<node name="byTitle" value="Por título">
			<node name="summary" value="Libros ordenados por título"/>
		</node>
		<node name="bySeries" value="Por serie">
			<node name="summary" value="Libros ordenados por serie"/>
		</node>
		<node name="byTag" value="Por etiqueta">
			<node name="summary" value="Libros ordenados por etiqueta"/>
		</node>
		<node name="recent" value="Reciente">
			<node name="summary" value="Libros abiertos recientemente"/>
		</node>
		<node name="favorites" value="Favoritos">
			<node name="summary" value="Mis libros favoritos"/>
		</node>
		<node name="found" value="Encontrados">
			<node name="summary" value="Resultados de la búsqueda para: %s"/>
		</node>
		<node name="fileTree" value="Árbol de archivos">
			<node name="summary" value="Navegar por el sistema de archivos"/>
		</node>
		<node name="fileTreeRoot" value="Dispositivo">
			<node name="summary" value="Todo el sistema de archivos del dispositivo"/>
		</node>
		<node name="fileTreeCard" value="Tarjeta de memoria">
			<node name="summary" value="Tarjeta de memoria insertada en el dispositivo"/>
		</node>
		<node name="fileTreeLibrary" value="Biblioteca FBReader">
			<node name="summary" value="Directorio de libros de FBReader"/>
		</node>
		<node name="menu">
			<node name="localSearch" value="Buscar"/>
			<node name="rescan" value="Escanear nuevamente"/>
		</node>
		<node name="openBook" value="Abrir libro"/>
		<node name="showBookInfo" value="Información del libro"/>
		<node name="shareBook" value="Compartir libro"/>
		<node name="deleteBook" value="Borrar libro"/>
		<node name="addToFavorites" value="Agregar a favoritos"/>
		<node name="removeFromFavorites" value="Quitar de favoritos"/>
		<node name="markAsRead" value="Marcar como leído"/>
		<node name="markAsUnread" value="Marcar como no leído"/>
	</node>
	<node name="networkLibrary" value="Biblioteca en red de FBReader">
		<node name="byAuthor" value="Por autor">
			<node name="summary" value="Libros ordenados por autor"/>
		</node>
		<node name="byTitle" value="Por título">
			<node name="summary" value="Libros ordenados por título"/>
		</node>
		<node name="byDate" value="Por fecha">
			<node name="summary" value="Libros ordenados por fecha de compra"/>
		</node>
		<node name="bySeries" value="Por serie">
			<node name="summary" value="Libros ordenados por serie"/>
		</node>
		<node name="search" value="Búsqueda">
			<node name="summary" value="Buscar libros en %s"/>
			<node name="summaryAllCatalogs" value="Buscar libros en todos los catálogos"/>
			<node name="summaryInProgress" value="Búsqueda en progreso"/>
		</node>
		<node name="found" value="Encontrados">
			<node name="summary" value="Resultados de la búsqueda para: %s"/>
		</node>
		<node name="openCatalog" value="Abrir catálogo"/>
		<node name="networkSearch" value="Buscar"/>
		<node name="showResults" value="Mostrar resultados"/>
		<node name="showBooks" value="Mostrar libros"/>
		<node name="download" value="Descargar"/>
		<node name="read" value="Leer copia local"/>
		<node name="delete" value="Borrar copia local"/>
		<node name="readDemo" value="Leer muestra"/>
		<node name="deleteDemo" value="Borrar muestra"/>
		<node name="downloadDemo" value="Descargar muestra"/>
		<node name="buy" value="Comprar (%s)"/>
		<node name="addToBasket" value="Agregar a la cesta"/>
		<node name="removeFromBasket" value="Borrar de la cesta"/>
		<node name="openBasket" value="Abrir cesta"/>
		<node name="clearBasket" value="Vaciar cesta"/>
		<node name="buyAllBooks" value="Comprar todos los libros"/>
		<node name="openInBrowser" value="Abrir en navegador"/>
		<node name="stopLoading" value="Detener la carga"/>
		<node name="stopSearching" value="Detener la búsqueda"/>
		<node name="signIn" value="Iniciar sesión"/>
		<node name="signOut" value="Cerrar sesión (%s)"/>
		<node name="topup" value="Redondear cuenta (actualmente: %s)"/>
		<node name="topupTitle" value="Redondear cuenta"/>
		<node name="topupViaBrowser" value="Abrir página en el navegador"/>
		<node name="authorizationMenuTitle" value="Seleccionar acción"/>
		<node name="topupSummary" value="Actualmente: %s"/>
		<node name="basket" value="Cesta"/>
		<node name="basketSummaryEmpty" value="No hay libros"/>
		<node name="basketSummaryCountOnly" value="%0 libros">
			<node condition="value 1" value="%0 libro"/>
		</node>
		<node name="basketSummary" value="%0 libros (%1)">
			<node condition="value 1" value="%0 libro (%1)"/>
		</node>
		<node name="alreadyDownloading" value="El libro ya se está descargando"/>
		<node name="alreadyDownloadingDemo" value="La muestra ya se está descargando"/>
		<node name="stoppingCatalogLoading" value="Deteniendo la carga"/>
		<node name="stoppingNetworkSearch" value="Deteniendo la búsqueda"/>
		<node name="editCustomCatalog" value="Editar catálogo"/>
		<node name="removeCustomCatalog" value="Quitar catálogo"/>
		<node name="addCustomCatalog" value="Agregar catálogo"/>
		<node name="addCustomCatalogSummary" value="Agregar manualmente catálogo OPDS personalizado"/>
		<node name="confirmQuestions">
			<node name="read" value="¿Desea leer la copia local?"/>
			<node name="download" value="¿Desea descargar este libro?"/>
			<node name="readDemo" value="¿Desea leer la muestra?"/>
			<node name="downloadDemo" value="¿Desea descargar la muestra?"/>
			<node name="buy" value="¿Desea comprar este libro? (%s)"/>
			<node name="openInBrowser" value="¿Desea abrir este catálogo en el navegador?"/>
		</node>
		<node name="downloadingCatalogs" value="Descargando catálogos"/>
		<!-- used as notification title -->
		<node name="searchingNetwork" value="Buscando libros en la red"/>
		<!-- used as notification title -->
		<node name="addCatalog">
			<node name="title" value="Agregar catálogo"/>
			<node name="editUrl" value="Escriba la URL"/>
		</node>
		<node name="menu">
			<node name="networkSearch" value="Búsqueda"/>
			<node name="reload" value="Recargar"/>
			<node name="signIn" value="Iniciar sesión"/>
			<node name="signUp" value="Registrarse"/>
			<node name="signOut" value="Cerrar sesión (%s)"/>
			<node name="topup" value="Redondear la cuenta"/>
			<node name="addCustomCatalog" value="Agregar catálogo"/>
			<node name="refreshCatalogsList" value="Recargar catálogos"/>
			<node name="languages" value="Filtro de idioma"/>
			<node name="clearBasket" value="Vaciar cesta"/>
			<node name="buyAllBooks" value="Comprar todos los libros"/>
		</node>
	</node>
	<node name="buyBook">
		<node name="title" value="Comprar este libro"/>
		<node name="titleSeveralBooks" value="Comprar libros"/>
		<node name="confirm" value="¿Confirma que desea comprar &#10;“%s”?"/>
		<node name="confirmSeveralBooks" value="¿Confirma que desea comprar %s libros?"/>
		<node name="alreadyBought" value="Este libro ya fue comprado"/>
		<node name="notAuthorized" value="Se requiere autorización"/>
		<node name="noAccountInformation" value="No se puede cargar el estado de la cuenta"/>
		<node name="unsufficientFunds" value="Esta compra cuesta %0 y usted solo tiene %1"/>
		<node name="zeroFunds" value="Esta compra cuesta %0"/>
	</node>
	<node name="bookInfo">
		<node name="bookInfo" value="Información del libro"/>
		<node name="fileInfo" value="Información del archivo"/>
		<node name="description" value="Descripción"/>
		<node name="noDescription" value="No hay descripción disponible."/>
		<node name="annotation" value="Anotación"/>
		<node name="title" value="Título:"/>
		<node name="authors" value="Autores:">
			<node condition="value 1" value="Autor:"/>
		</node>
		<node name="series" value="Serie:"/>
		<node name="indexInSeries" value="Índice en la serie:"/>
		<node name="tags" value="Etiquetas:">
			<node condition="value 1" value="Etiqueta:"/>
		</node>
		<node name="language" value="Idioma:"/>
		<node name="name" value="Nombre:"/>
		<node name="type" value="Tipo:"/>
		<node name="size" value="Tamaño:"/>
		<node name="time" value="Última modificación:"/>
		<node name="sizeInBytes" value="%s bytes">
			<node condition="value 1" value="%s byte"/>
		</node>
		<node name="sizeInKiloBytes" value="%s kB"/>
		<node name="catalog" value="Catálogo:"/>
		<node name="extraLinks" value="Enlaces relacionados"/>
		<node name="menu">
			<node name="edit" value="Editar"/>
		</node>
	</node>
	<node name="bookDownloader">
		<node name="tickerSuccess" value="El libro ha sido descargado"/>
		<node name="tickerError" value="Error al descargar el libro"/>
		<node name="contentSuccess" value="Descarga completa"/>
		<node name="contentError" value="Descarga fallida"/>
		<node name="downloadingStarted" value="La descarga del libro ha comenzado"/>
		<node name="alreadyDownloading" value="El libro ya está siendo descargado"/>
		<node name="cannotCreateDirectory" value="No se pudo crear el directorio %s"/>
		<node name="cannotCreateFile" value="No se pudo crear el archivo %s"/>
	</node>
	<node name="tocView">
		<node name="expandTree" value="Expandir árbol"/>
		<node name="collapseTree" value="Replegar árbol"/>
		<node name="readText" value="Leer texto del libro"/>
	</node>
	<node name="bookmarksView">
		<node name="thisBook" value="Este libro"/>
		<node name="allBooks" value="Todos los libros"/>
		<node name="found" value="Encontrados"/>
		<node name="new" value="Nuevo marcador"/>
		<node name="open" value="Abrir"/>
		<node name="edit" value="Editar marcador"/>
		<node name="delete" value="Borrar marcador"/>
		<node name="menu">
			<node name="search" value="Buscar"/>
		</node>
	</node>
	<node name="cancelMenu">
		<node name="library" value="Abrir biblioteca"/>
		<node name="networkLibrary" value="Abrir biblioteca en red"/>
		<node name="previousBook" value="Abrir libro anterior"/>
		<node name="returnTo" value="Volver a …"/>
		<node name="back" value="Atrás"/>
		<node name="forward" value="Adelante"/>
		<node name="close" value="Cerrar FBReader"/>
	</node>
	<node name="style" value="Estilo %s"/>
	<node name="highlightingStyleMenu">
		<node name="editStyle" value="Edit style…" toBeTranslated="true"/>
		<node name="deleteBookmark" value="Borrar marcador"/>
	</node>
	<node name="editStyle">
		<node name="name" value="Style name" toBeTranslated="true"/>
		<node name="invisible" value="Invisible" toBeTranslated="true">
			<node name="summaryOn" value="Do not highlight bookmarks" toBeTranslated="true"/>
			<node name="summaryOff" value="Highlight bookmarks" toBeTranslated="true"/>
		</node>
		<node name="bgColor" value="Background color" toBeTranslated="true"/>
	</node>
	<node name="selection" value="Selección">
		<node name="copyToClipboard" value="Copiar al portapapeles"/>
		<node name="openInDictionary" value="Abrir en diccionario"/>
		<node name="quoteFrom" value="Cita de %s"/>
		<node name="textInBuffer" value="Copiado al portapapeles:&#10;%s"/>
		<node name="bookmarkCreated" value="Marcador creado:&#10;%s"/>
		<node name="clearSelection" value="Limpiar"/>
	</node>
	<node name="sharing">
		<node name="sharedFrom" value="Compartido desde &lt;a href=&quot;http://www.fbreader.org/&quot;&gt;FBReader&lt;/a&gt;"/>
	</node>
	<node name="menu">
		<node name="preferences" value="Ajustes"/>
		<node name="bookInfo" value="Información del libro"/>
		<node name="library" value="Biblioteca"/>
		<node name="toc" value="TDC"/>
		<node name="day" value="Día"/>
		<node name="night" value="Noche"/>
		<node name="networkLibrary" value="Biblioteca en red"/>
		<node name="navigate" value="Navegar">
			<node name="toc" value="Tabla de Contenido"/>
			<node name="gotoHome" value="Ir al Inicio del Documento"/>
			<node name="gotoPageNumber" value="Ir a la Página…"/>
			<node name="gotoSectionStart" value="Ir al Inicio de la Sección de Texto"/>
			<node name="gotoSectionEnd" value="Ir al Final de la Sección de Texto"/>
			<node name="nextTOCSection" value="Ir al siguiente elemento de la TDC"/>
			<node name="previousTOCSection" value="Ir al anterior elemento de la TDC"/>
			<node name="undo" value="Retroceder"/>
			<node name="redo" value="Avanzar"/>
		</node>
		<node name="shareBook" value="Compartir libro"/>
		<node name="search" value="Buscar"/>
		<node name="rotate" value="Rotar pantalla"/>
		<node name="screenOrientation" value="Orientación de la pantalla"/>
		<node name="screenOrientationSystem" value="Sistema"/>
		<node name="screenOrientationSensor" value="Sensible a la orientación del dispositivo"/>
		<node name="screenOrientationPortrait" value="Vertical"/>
		<node name="screenOrientationLandscape" value="Horizontal"/>
		<node name="screenOrientationReversePortrait" value="Vertical inversa"/>
		<node name="screenOrientationReverseLandscape" value="Horizontal inversa"/>
		<node name="increaseFont" value="Aumentar fuente"/>
		<node name="decreaseFont" value="Disminuír fuente"/>
		<node name="toggleFullscreen" value="Pantalla completa"/>
		<node name="bookmarks" value="Marcadores"/>
	</node>
	<node name="BookInfo">
		<node name="fileName" value="Nombre de archivo"/>
		<node name="title" value="Título"/>
		<node name="language" value="Idioma"/>
		<node name="encoding" value="Codificación"/>
		<node name="authors" value="Autor(es)"/>
		<node name="tags" value="Etiqueta(s)"/>
		<node name="series" value="Serie"/>
	</node>
	<node name="Preferences">
		<node name="directories" value="Directorios">
			<node name="summary" value="Directorios para buscar archivos"/>
			<node name="books" value="Directorio de libros"/>
			<node name="fonts" value="Directorio de tipos de letra"/>
			<node name="wallpapers" value="Directorio de fondos de pantalla"/>
		</node>
		<node name="appearance" value="Apariencia">
			<node name="summary" value="Ajustes de pantalla, barra de estado, luz de botones"/>
			<node name="language" value="Lenguaje de la interfaz"/>
			<node name="screenOrientation" value="Orientación de la pantalla">
				<node name="system" value="Sistema"/>
				<node name="sensor" value="Sensible a la orientación del dispositivo"/>
				<node name="portrait" value="Vertical"/>
				<node name="landscape" value="Horizontal"/>
				<node name="reversePortrait" value="Vertical inversa"/>
				<node name="reverseLandscape" value="Horizontal inversa"/>
			</node>
			<node name="autoOrientation" value="Rotación automática">
				<node name="summaryOn" value="La pantalla rotará cuando el usuario mueva el dispositivo"/>
				<node name="summaryOff" value="La pantalla no rotará cuando el usuario mueva el dispositivo"/>
			</node>
			<node name="showStatusBar" value="Mostrar barra de estado">
				<node name="summaryOn" value="Mostrar la barra de estado en modo de lectura"/>
				<node name="summaryOff" value="Esconder la barra de estado en modo de lectura"/>
			</node>
			<node name="showActionBar" value="Mostrar barra de acción">
				<node name="summaryOn" value="Mostrar barra de acción en modo de lectura"/>
				<node name="summaryOff" value="Ocultar barra de acción en modo de lectura"/>
			</node>
			<node name="showStatusBarWhenMenuIsActive" value="Mostrar barra de estado cuando el menú está activo">
				<node name="summaryOn" value="Mostrar la barra de estado cuando se activa el menú"/>
				<node name="summaryOff" value="No mostrar la barra de estado cuando se activa el menú"/>
			</node>
			<node name="disableButtonLights" value="Deshabilitar luz de botones físicos durante la lectura">
				<node name="summaryOn" value="Deshabilitar luz de botones (no funciona para algunos dispositivos)"/>
				<node name="summaryOff" value="No intentar deshabilitar luz de botones"/>
			</node>
			<node name="twoColumnView" value="Vista de dos columnas">
				<node name="summaryOn" value="Mostrar el texto en dos columnas cuando el dispositivo se sostiene horizontalmente"/>
				<node name="summaryOff" value="Mostrar siempre el texto en una sola columna"/>
			</node>
			<node name="allowScreenBrightnessAdjustment" value="Ajuste de brillo de la pantalla">
				<node name="summaryOn" value="Al arrastrar el dedo arriba/abajo en el borde izquierdo de la pantalla"/>
				<node name="summaryOff" value="Desactivado"/>
			</node>
			<node name="dontTurnScreenOff" value="Impedir que la pantalla se apague">
				<node name="0" value="Siempre"/>
				<node name="25" value="Cuando la carga de la batería supere el 25 por ciento"/>
				<node name="50" value="Cuando la carga de la batería supere el 50 por ciento"/>
				<node name="100" value="Nunca"/>
			</node>
			<node name="dontTurnScreenOffDuringCharging" value="Impedir pantalla apagada al cargar">
				<node name="summaryOn" value="Impedir que la pantalla se apague si el dispositivo se está cargando"/>
				<node name="summaryOff" value="Apagar la pantalla incluso si el dispositivo se está cargando"/>
			</node>
		</node>
		<node name="text" value="Texto">
			<node name="summary" value="Fuente (tipo de letra), separación de sílabas, etc."/>
			<node name="fontProperties" value="Propiedades de fuente">
				<node name="summary" value="Opciones de suavizado de fuente"/>
				<node name="antiAlias" value="Antialiasing (Suavizado de líneas)">
					<node name="summaryOn" value="El antialiasing está habilitado"/>
					<node name="summaryOff" value="El antialiasing está deshabilitado"/>
				</node>
				<node name="deviceKerning" value="Interletraje">
					<node name="summaryOn" value="El interletraje del dispositivo está habilitado"/>
					<node name="summaryOff" value="El interletraje del dispositivo está deshabilitado"/>
				</node>
				<node name="dithering" value="Difuminado">
					<node name="summaryOn" value="El difuminado de color está habilitado"/>
					<node name="summaryOff" value="El difuminado de color está deshabilitado"/>
				</node>
				<node name="hinting" value="Optimización">
					<node name="summaryOn" value="La optimización de fuentes en pantalla está habilitada"/>
					<node name="summaryOff" value="La optimización de fuentes en pantalla está deshabilitada"/>
				</node>
				<node name="subpixel" value="Suavizado de subpíxeles">
					<node name="summaryOn" value="El suavizado de subpíxeles está habilitado"/>
					<node name="summaryOff" value="El suavizado de subpíxeles está deshabilitado"/>
				</node>
			</node>
			<node name="font" value="Familia tipográfica">
				<node name="unchanged" value="&lt;sin cambios&gt;"/>
			</node>
			<node name="fontSize" value="Tamaño de fuente"/>
			<node name="fontSizeDifference" value="Diferencia de tamaño de fuente"/>
			<node name="fontStyle" value="Estilo de fuente">
				<node name="regular" value="Normal"/>
				<node name="bold" value="Negrita"/>
				<node name="italic" value="Cursiva"/>
				<node name="boldItalic" value="Negrita cursiva"/>
			</node>
			<node name="bold" value="Negrita">
				<node name="summaryOn" value="negrita"/>
				<node name="summaryOff" value="normal"/>
				<node name="unchanged" value="&lt;sin cambios&gt;"/>
			</node>
			<node name="italic" value="Cursiva">
				<node name="summaryOn" value="cursiva"/>
				<node name="summaryOff" value="normal"/>
				<node name="unchanged" value="&lt;sin cambios&gt;"/>
			</node>
			<node name="underlined" value="Subrayada">
				<node name="summaryOn" value="subrayada"/>
				<node name="summaryOff" value="normal"/>
				<node name="unchanged" value="&lt;sin cambios&gt;"/>
			</node>
			<node name="strikedThrough" value="Tachada">
				<node name="summaryOn" value="tachada"/>
				<node name="summaryOff" value="normal"/>
				<node name="unchanged" value="&lt;sin cambios&gt;"/>
			</node>
			<node name="lineSpacing" value="Interlineado">
				<node name="unchanged" value="&lt;sin cambios&gt;"/>
			</node>
			<node name="alignment" value="Alineación">
				<node name="left" value="Izquierda"/>
				<node name="right" value="Derecha"/>
				<node name="center" value="Centrado"/>
				<node name="justify" value="Justificado"/>
				<node name="unchanged" value="&lt;sin cambios&gt;"/>
			</node>
			<node name="autoHyphenations" value="Separación automática de sílabas">
				<node name="summaryOn" value="Separar sílabas automáticamente"/>
				<node name="summaryOff" value="No separar sílabas automáticamente"/>
			</node>
			<node name="allowHyphenations" value="Permitir separación de sílabas">
				<node name="summaryOn" value="separar sílabas"/>
				<node name="summaryOff" value="no separar sílabas"/>
				<node name="unchanged" value="&lt;sin cambios&gt;"/>
			</node>
			<node name="firstLineIndent" value="Sangría de la primera linea"/>
			<node name="spaceBefore" value="Espacio antes"/>
			<node name="spaceAfter" value="Espacio después"/>
			<node name="leftIndent" value="Sangría izquierda"/>
			<node name="rightIndent" value="Sangría derecha"/>
			<node name="more" value="Más estilos">
				<node name="summary" value="Separar los ajustes por títulos, epígrafes, etc."/>
				<node name="Regular Paragraph" value="Párrafo normal">
					<node name="summary" value=""/>
				</node>
				<node name="Title" value="Título">
					<node name="summary" value=""/>
				</node>
				<node name="Section Title" value="Título de capítulo">
					<node name="summary" value=""/>
				</node>
				<node name="Poem Title" value="Título de poema">
					<node name="summary" value=""/>
				</node>
				<node name="Subtitle" value="Subtítulo">
					<node name="summary" value=""/>
				</node>
				<node name="Annotation" value="Anotación">
					<node name="summary" value=""/>
				</node>
				<node name="Epigraph" value="Epígrafe">
					<node name="summary" value=""/>
				</node>
				<node name="Stanza" value="Estrofa">
					<node name="summary" value=""/>
				</node>
				<node name="Verse" value="Verso">
					<node name="summary" value=""/>
				</node>
				<node name="Preformatted text" value="Texto preformateado">
					<node name="summary" value=""/>
				</node>
				<node name="Image" value="Imagen">
					<node name="summary" value=""/>
				</node>
				<node name="Cite" value="Cita">
					<node name="summary" value=""/>
				</node>
				<node name="Author" value="Autor">
					<node name="summary" value=""/>
				</node>
				<node name="Date" value="Fecha">
					<node name="summary" value=""/>
				</node>
				<node name="Internal Hyperlink" value="Hipervínculo interno">
					<node name="summary" value=""/>
				</node>
				<node name="Footnote" value="Nota al pie">
					<node name="summary" value=""/>
				</node>
				<node name="Emphasis" value="Énfasis">
					<node name="summary" value=""/>
				</node>
				<node name="Strong" value="Gran énfasis">
					<node name="summary" value=""/>
				</node>
				<node name="Subscript" value="Subíndice">
					<node name="summary" value=""/>
				</node>
				<node name="Superscript" value="Superíndice">
					<node name="summary" value=""/>
				</node>
				<node name="Code" value="Código">
					<node name="summary" value=""/>
				</node>
				<node name="StrikeThrough" value="Tachado">
					<node name="summary" value=""/>
				</node>
				<node name="Italic" value="Cursiva">
					<node name="summary" value=""/>
				</node>
				<node name="Bold" value="Negrita">
					<node name="summary" value=""/>
				</node>
				<node name="Definition" value="Definición">
					<node name="summary" value=""/>
				</node>
				<node name="Definition Description" value="Descripción de definición">
					<node name="summary" value=""/>
				</node>
				<node name="Header 1" value="Encabezado 1">
					<node name="summary" value=""/>
				</node>
				<node name="Header 2" value="Encabezado 2">
					<node name="summary" value=""/>
				</node>
				<node name="Header 3" value="Encabezado 3">
					<node name="summary" value=""/>
				</node>
				<node name="Header 4" value="Encabezado 4">
					<node name="summary" value=""/>
				</node>
				<node name="Header 5" value="Encabezado 5">
					<node name="summary" value=""/>
				</node>
				<node name="Header 6" value="Encabezado 6">
					<node name="summary" value=""/>
				</node>
				<node name="External Hyperlink" value="Hipervínculo externo">
					<node name="summary" value=""/>
				</node>
			</node>
		</node>
		<node name="css" value="CSS (Hojas de estilo en cascada)">
			<node name="summary" value="Aplicar/ignorar valores definidos en CSS"/>
			<node name="fontSize" value="Tamaño de fuente">
				<node name="summaryOn" value="Aplicar tamaño de fuente definido en las CSS"/>
				<node name="summaryOff" value="Ignorar tamaño de fuente definido en las CSS"/>
			</node>
			<node name="textAlignment" value="Alineación de texto">
				<node name="summaryOn" value="Aplicar alineación de texto definida en las CSS"/>
				<node name="summaryOff" value="Ignorar alineación de texto definida en las CSS"/>
			</node>
		</node>
		<node name="colors" value="Colores y fondos de pantalla">
			<node name="summary" value="Ajustes de color"/>
			<node name="background" value="Fondo">
				<node name="solidColor" value="Color sólido"/>
				<node name="leather" value="Cuero"/>
				<node name="sepia" value="Sepia"/>
				<node name="wood" value="Madera"/>
			</node>
			<node name="backgroundColor" value="Color de fondo"/>
			<node name="selectionBackground" value="Fondo de selección"/>
			<node name="selectionForeground" value="Texto seleccionado"/>
			<node name="text" value="Texto normal"/>
			<node name="hyperlink" value="Texto de hipervínculo"/>
			<node name="hyperlinkVisited" value="Texto de hipervínculo visitado"/>
			<node name="highlighting" value="Fondo de resultados de búsqueda"/>
			<node name="footer" value="Pie de página"/>
		</node>
		<node name="margins" value="Márgenes">
			<node name="summary" value="Márgenes de texto"/>
			<node name="left" value="Margen izquierdo"/>
			<node name="right" value="Margen derecho"/>
			<node name="top" value="Margen superior"/>
			<node name="bottom" value="Margen inferior"/>
			<node name="spaceBetweenColumns" value="Espacio entre columnas"/>
		</node>
		<node name="scrollBar" value="Indicador de progreso">
			<node name="summary" value="Preferencias de barra de desplazamiento y pie de página"/>
			<node name="scrollbarType" value="Tipo de barra de desplazamiento">
				<node name="hide" value="Ocultar"/>
				<node name="show" value="Deslizador vertical"/>
				<node name="showAsProgress" value="Barra de progreso vertical"/>
				<node name="showAsFooter" value="Pie de página horizontal"/>
			</node>
			<node name="footerHeight" value="Altura del pie de página"/>
			<node name="footerColor" value="Color del pie de página"/>
			<node name="tocMarks" value="Mostrar marcas de TDC">
				<node name="summaryOn" value="Mostrar las marcas de TDC en la barra del pie de página"/>
				<node name="summaryOff" value="No mostrar las marcas de TDC en la barra del pie de página"/>
			</node>
			<node name="showProgress" value="Mostrar número de página">
				<node name="summaryOn" value="Mostrar número de página en el pie de página"/>
				<node name="summaryOff" value="No mostrar número de página en el pie de página"/>
			</node>
			<node name="showBattery" value="Mostrar carga de batería">
				<node name="summaryOn" value="Mostrar la carga de la batería en el pie de página"/>
				<node name="summaryOff" value="No mostrar la carga de la batería en el pie de página"/>
			</node>
			<node name="showClock" value="Mostrar reloj">
				<node name="summaryOn" value="Mostrar reloj en el pie de página"/>
				<node name="summaryOff" value="No mostrar reloj en el pie de página"/>
			</node>
			<node name="font" value="Familia tipográfica"/>
		</node>
		<node name="scrolling" value="Paso de páginas">
			<node name="summary" value="Cómo pasar las páginas"/>
			<node name="fingerScrolling" value="Paso de páginas por pantalla táctil">
				<node name="byTap" value="Pasar páginas con toque en la pantalla"/>
				<node name="byFlick" value="Pasar páginas con arrastre en la pantalla"/>
				<node name="byTapAndFlick" value="Pasar páginas con toque o arrastre en la pantalla"/>
			</node>
			<node name="enableDoubleTapDetection" value="Detección de doble toque">
				<node name="summaryOn" value="Doble toque para ejecutar diálogo/menú de navegación"/>
				<node name="summaryOff" value="Ignorar doble toque"/>
			</node>
			<node name="volumeKeys" value="Pasar páginas con teclas de volumen">
				<node name="summaryOn" value="Usar teclas de volumen para pasar páginas"/>
				<node name="summaryOff" value="Mantener teclas de volumen para sonido"/>
			</node>
			<node name="invertVolumeKeys" value="Invertir dirección de las teclas de volumen">
				<node name="summaryOn" value="Subir volumen para retroceder, bajar volumen para avanzar"/>
				<node name="summaryOff" value="Subir volumen para avanzar, bajar volumen para retroceder"/>
			</node>
			<node name="animation" value="Animación">
				<node name="none" value="Pasar páginas sin animación"/>
				<node name="curl" value="Animación voltear página"/>
				<node name="slide" value="Animación deslizar página"/>
				<node name="shift" value="Animación mover página"/>
			</node>
			<node name="animationSpeed" value="Velocidad de animación">
				<node name="fast" value="rápida"/>
				<node name="slow" value="lenta"/>
			</node>
			<node name="horizontal" value="Desplazamiento horizontal">
				<node name="summaryOn" value="Desplazar las páginas horizontalmente"/>
				<node name="summaryOff" value="Desplazar las páginas verticalmente"/>
			</node>
		</node>
		<node name="tapZones" value="Zonas de toque">
			<node name="summary" value="Acciones al tocar con el dedo"/>
			<node name="tapZonesScheme" value="Esquema de zonas de toque">
				<node name="left_to_right" value="Desplazar página de izquierda a derecha"/>
				<node name="right_to_left" value="Desplazar página de derecha a izquierda"/>
				<node name="up" value="Desplazar página de abajo a arriba"/>
				<node name="down" value="Desplazar página de arriba a abajo"/>
				<node name="custom" value="Personalizado…"/>
			</node>
		</node>
		<node name="dictionary" value="Diccionario">
			<node name="summary" value="Ajustes del diccionario"/>
			<node name="dictionary" value="Diccionario"/>
			<node name="translator" value="Traductor"/>
			<node name="tappingAction" value="Acción de toque prolongado">
				<node name="doNothing" value="Toque prolongado no hace nada"/>
				<node name="selectSingleWord" value="Toque prolongado selecciona una palabra"/>
				<node name="startSelecting" value="Toque prolongado inicia selección"/>
				<node name="openDictionary" value="Toque prolongado selecciona una palabra, al soltar abre diccionario"/>
			</node>
			<node name="navigateOverAllWords" value="Navegar por todas las palabras">
				<node name="summaryOn" value="La tecla de navegación visita todas las palabras"/>
				<node name="summaryOff" value="La tecla de navegación visita solo hipervínculos"/>
			</node>
		</node>
		<node name="images" value="Imágenes">
			<node name="summary" value="Opciones de visualización de imágenes"/>
			<node name="backgroundColor" value="Color de fondo para vista de imagen"/>
			<node name="tappingAction" value="Acción de toque prolongado">
				<node name="doNothing" value="Toque prolongado no hace nada"/>
				<node name="selectImage" value="Toque prolongado selecciona la imagen"/>
				<node name="openImageView" value="Toque prolongado abre vista de imagen"/>
			</node>
			<node name="fitImagesToScreen" value="Ajustar imágenes a la pantalla">
				<node name="none" value="Ninguna"/>
				<node name="covers" value="Solo las cubiertas"/>
				<node name="all" value="Todas"/>
			</node>
		</node>
		<node name="cancelMenu" value="Menú cancelar">
			<node name="summary" value="Lista de acciones para botón Atrás"/>
			<node name="library" value="Biblioteca">
				<node name="summaryOn" value="Mostrar elemento 'abrir biblioteca'"/>
				<node name="summaryOff" value="No mostrar elemento 'abrir biblioteca'"/>
			</node>
			<node name="networkLibrary" value="Biblioteca en red">
				<node name="summaryOn" value="Mostrar elemento 'abrir biblioteca en red'"/>
				<node name="summaryOff" value="No mostrar elemento 'abrir biblioteca en red'"/>
			</node>
			<node name="previousBook" value="Libro anterior">
				<node name="summaryOn" value="Mostrar elemento 'volver al libro anterior'"/>
				<node name="summaryOff" value="No mostrar elemento 'volver al libro anterior'"/>
			</node>
			<node name="positions" value="Últimas 3 posiciones">
				<node name="summaryOn" value="Mostrar elementos para las 3 últimas posiciones en el libro"/>
				<node name="summaryOff" value="No mostrar elementos para las 3 últimas posiciones en el libro"/>
			</node>
			<node name="backKeyAction" value="Acción para tecla Atrás">
				<node name="exit" value="Cerrar FBReader"/>
				<node name="goBack" value="Navegar hacia atrás"/>
				<node name="cancelMenu" value="Mostrar menú cancelar"/>
			</node>
			<node name="backKeyLongPressAction" value="Acción para toque prolongado de la tecla Atrás">
				<node name="exit" value="Cerrar FBReader"/>
				<node name="goBack" value="Navegar hacia atrás"/>
				<node name="cancelMenu" value="Mostrar menú cancelar"/>
				<node name="none" value="No hacer nada"/>
			</node>
		</node>
		<node name="tips" value="Consejos">
			<node name="summary" value="Ajustes de consejos diarios"/>
			<node name="showTips" value="Mostrar consejos">
				<node name="summaryOn" value="Mostrar consejos diarios"/>
				<node name="summaryOff" value="No mostrar"/>
			</node>
		</node>
		<node name="about" value="Acerca de FBReader">
			<node name="summary" value="Información de versión, contactos"/>
			<node name="version" value="Versión"/>
			<node name="site" value="Visite nuestro sitio web">
				<node name="url" value="http://www.fbreader.org/"/>
			</node>
			<node name="email" value="Envíenos un correo electrónico">
				<node name="url" value="mailto:contact@geometerplus.com"/>
			</node>
			<node name="twitter" value="Síganos en Twitter">
				<node name="url" value="http://twitter.com/fbreader"/>
			</node>
		</node>
	</node>
	<node name="dialog">
		<node name="button">
			<node name="install" value="Instalar"/>
			<node name="update" value="Actualizar"/>
			<node name="skip" value="Omitir"/>
			<node name="buy" value="Comprar"/>
			<node name="buyAndDownload" value="Comprar y descargar"/>
			<node name="continue" value="Continuar"/>
			<node name="editUrl" value="Editar URL"/>
			<node name="tryAgain" value="Intentar de nuevo"/>
			<node name="openBook" value="Leer"/>
			<node name="editInfo" value="Editar"/>
			<node name="reloadInfo" value="Recargar"/>
			<node name="shareBook" value="Compartir"/>
			<node name="topup" value="Redondear"/>
			<node name="pay" value="Pagar"/>
			<node name="refresh" value="Recargar"/>
			<node name="authorize" value="Autorizar"/>
			<node name="resetPosition" value="Restablecer posición"/>
			<node name="sendReport" value="Enviar reporte"/>
			<node name="addToFavorites" value="Agregar a favoritos"/>
			<node name="removeFromFavorites" value="Quitar de favoritos"/>
			<node name="markAsRead" value="Marcar como leído"/>
			<node name="markAsUnread" value="Marcar como no leído"/>
		</node>
		<node name="plugin">
			<node name="installTitle" value="Instalar plugin"/>
			<node name="updateTitle" value="Actualizar plugin"/>
			<node name="dontAskAgain" value="No volver a preguntar"/>
		</node>
		<node name="installDictionary">
			<node name="title" value="Instalar dicionario"/>
			<node name="message" value="¿Le gustaría instalar %s?"/>
		</node>
		<node name="deleteBookBox">
			<node name="message" value="El archivo del libro será borrado irreversiblemente. ¿Está bien?"/>
		</node>
		<node name="redownloadFileBox">
			<node name="message" value="El archivo ya existe. ¿Volver a descargarlo?"/>
		</node>
		<node name="waitMessage">
			<node name="downloadingFile" value="Descargando libro %s"/>
			<node name="search" value="Buscando. Por favor, espere…"/>
			<node name="loadInfo" value="Cargando información. Por favor, espere…"/>
			<node name="loadingBook" value="Abriendo libro. Por favor, espere…"/>
			<node name="loadingBookList" value="Abriendo biblioteca. Por favor, espere…"/>
			<node name="creatingBooksDatabase" value="Creando base de datos de libros. Por favor, espere…"/>
			<node name="updatingBooksDatabase" value="Actualizando base de datos de libros. Por favor, espere…"/>
			<node name="loadingNetworkLibrary" value="Abriendo biblioteca en red. Por favor, espere…"/>
			<node name="authentication" value="Autenticando. Por favor, espere…"/>
			<node name="signOut" value="Cerrando sesión. Por favor, espere…"/>
			<node name="purchaseBook" value="Comprando libro. Por favor, espere…"/>
			<node name="loadingCatalogInfo" value="Cargando información de catálogo. Por favor, espere…"/>
			<node name="loadingNetworkBookInfo" value="Cargando información de libro. Por favor, espere…"/>
			<node name="updatingCatalogsList" value="Actualizando lista de catálogos. Por favor, espere…"/>
			<node name="updatingAccountInformation" value="Actualizando información de cuenta. Por favor, espere…"/>
		</node>
		<node name="networkError">
			<node name="internalError" value="Error interno de servidor"/>
			<node name="purchaseNotEnoughMoney" value="No hay dinero suficiente"/>
			<node name="purchaseMissingBook" value="No se encuentra el libro"/>
			<node name="purchaseAlreadyPurchased" value="Ya fue comprado"/>
			<node name="bookNotPurchased" value="El libro no fue comprado"/>
			<node name="downloadLimitExceeded" value="Se ha excedido el límite de descarga"/>
			<node name="noUserEmail" value="Ningún usuario ha sido registrado&#10;con la dirección de correo electrónico especificada"/>
			<node name="unsupportedOperation" value="Operación no admitida"/>
			<node name="notAnOPDS" value="Este no es un catálogo OPDS"/>
			<node name="noRequiredInformation" value="La información requerida no está especificada en el catálogo"/>
			<node name="cacheDirectoryError" value="No es posible crear el directorio de caché"/>
		</node>
		<node name="AuthenticationDialog">
			<node name="title" value="Autenticación"/>
			<node name="unencryptedWarning" value="Su contraseña se enviará sin encriptar"/>
			<node name="login" value="Nombre de usuario"/>
			<node name="password" value="Contraseña"/>
			<node name="loginIsEmpty" value="El nombre de usuario no puede estar vacío"/>
			<node name="register" value="Registrarse"/>
		</node>
		<node name="CustomCatalogDialog">
			<node name="title" value="FBReader: Agregar catálogo personalizado"/>
			<node name="catalogTitle" value="Título"/>
			<node name="catalogUrl" value="URL"/>
			<node name="catalogSummary" value="Resumen"/>
			<node name="catalogTitleExample" value="ej.: Catálogo del Proyecto Gutenberg"/>
			<node name="catalogUrlExample" value="ej.: http://m.gutenberg.org/"/>
			<node name="catalogSummaryExample" value="ej.: Libros de dominio público"/>
			<node name="titleIsEmpty" value="El título no puede estar vacío"/>
			<node name="urlIsEmpty" value="La URL no puede estar vacía"/>
			<node name="invalidUrl" value="URL no válida"/>
			<node name="titleAlreadyExists" value="El título especificado ya está en uso"/>
			<node name="siteAlreadyExists" value="El sitio especificado ya está en uso"/>
		</node>
		<node name="languageFilterDialog">
			<node name="title" value="Filtro de idioma"/>
		</node>
		<node name="tips">
			<node name="title" value="Consejo del día"/>
			<node name="initializationText" value="¿Le gustaría leer consejos diarios de FBReader? Nuevos consejos serán descargados desde el sitio web de FBReader. El tráfico de red esperado es 1-2 kilobytes por semana.&#10;&#10;¿Habilitar consejos?"/>
			<node name="dontShowAgain" value="No volver a mostrar"/>
			<node name="more" value="Siguiente consejo"/>
		</node>
	</node>
	<node name="errorMessage">
		<node name="cannotRunAndroidMarket" value="No es posible acceder a Google Play. Por favor, instale %s manualmente "/>
		<node name="textNotFound" value="Lamentablemente, no hay texto que coincida en el libro"/>
		<node name="bookNotFound" value="Lamentablemente, no hay libros que coincidan en la biblioteca"/>
		<node name="bookmarkNotFound" value="Lamentablemente, no hay marcadores coincidentes"/>
		<node name="cannotOpenBook" value="Lamentablemente, no se puede abrir este libro en este momento"/>
		<node name="dictionaryIsNotInstalled" value="Lamentablemente, el diccionario no está instalado"/>
		<node name="permissionDenied" value="Lamentablemente, se ha negado el permiso"/>
		<node name="noFavorites" value="Lamentablemente, su lista de favoritos está vacía"/>
		<node name="noSeries" value="Lamentablemente, no hay colecciones de libros"/>
		<node name="emptyCatalog" value="Lamentablemente, el catálogo está vacío"/>
		<node name="emptyBasket" value="Lamentablemente, su cesta está vacía"/>
		<node name="emptyNetworkSearchResults" value="Lamentablemente, no se encontraron libros"/>
	</node>
	<node name="external">
		<node name="browser" value="Navegador"/>
		<node name="defaultBrowser" value="Navegador predeterminado"/>
	</node>
	<node name="mobipocketPlugin">
		<node name="unknown" value="Error desconocido"/>
		<node name="unsupportedCompressionMethod" value="Método de compresión no admitido"/>
		<node name="encryptedFile" value="Archivo protegido con DRM"/>
	</node>
	<node name="crash">
		<node name="fixBooksDirectory">
			<node name="title" value="Problema de FBReader"/>
			<node name="text" value="El directorio caché de FBReader no está accesible para escritura. Tal vez usted haya olvidado insertar o desmontar su tarjeta de memoria. Por favor, solucione este problema o ingrese otro nombre de directorio a continuación."/>
		</node>
		<node name="missingNativeLibrary">
			<node name="title" value="Problema de FBReader"/>
			<node name="text" value="FBReader no puede cargar la biblioteca nativa. Tal vez no está instalada correctamente. Si el problema persiste por favor intente reinstalar FBReader."/>
		</node>
	</node>
	<node name="error">
		<node name="bookReading">
			<node name="title" value="Problema de FBReader"/>
		</node>
	</node>
	<node name="bookReadingException">
		<node name="errorReadingFile" value="Se produjo un error durante la lectura de '%s'"/>
		<node name="errorReadingZip" value="Se produjo un error durante la extracción de '%s'"/>
		<node name="pluginNotFound" value="No hay plugin para '%s'"/>
		<node name="unknownPluginType" value="Tipo desconocido de plugin: %s"/>
		<node name="fileNotFound" value="No se encuentra el archivo: %s"/>
		<node name="opfFileNotFound" value="OPF no se encuentra en %s"/>
		<node name="unsupportedFileFormat" value="El formato de archivo no es admitido para '%s'"/>
		<node name="errorParsingRtf" value="Error de análisis RTF en: %s"/>
	</node>
</resources>
