<?xml version="1.0" encoding="UTF-8"?>
<!-- Hungarian FBReaderJ resources, by L. B. Szabó.  -->
<resources>
	<node name="library" value="FBReader könyvtár">
		<node name="unknownAuthor" value="Ismeretlen szerző"/>
		<node name="booksWithNoTags" value="Címke nélküli könyvek"/>
		<node name="demo" value="minta"/>
		<node name="byAuthor" value="Szerző">
			<node name="summary" value="Könyvek szerző szerint"/>
		</node>
		<node name="byTitle" value="Cím">
			<node name="summary" value="Könyvek cím szerint"/>
		</node>
		<node name="bySeries" value="Sorozat">
			<node name="summary" value="Könyvek sorozat szerint"/>
		</node>
		<node name="byTag" value="Címkék">
			<node name="summary" value="Könyvek címkék szerint"/>
		</node>
		<node name="recent" value="Legutóbbi">
			<node name="summary" value="Legutóbb megnyitott könyvek"/>
		</node>
		<node name="favorites" value="Kedvencek">
			<node name="summary" value="Kedvencnek jelölt könyveim"/>
		</node>
		<node name="found" value="Találatok">
			<node name="summary" value="Keresés: %s"/>
		</node>
		<node name="fileTree" value="Könytárfa">
			<node name="summary" value="Fájlrendszer tallózása"/>
		</node>
		<node name="fileTreeRoot" value="Eszköz">
			<node name="summary" value="Az eszköz teljes fájlrendszere"/>
		</node>
		<node name="fileTreeCard" value="Memóriakártya">
			<node name="summary" value="Az eszközbe illesztett memóriakártya"/>
		</node>
		<node name="fileTreeLibrary" value="FBReader mappa">
			<node name="summary" value="Az FBReader e-könyvek mappája"/>
		</node>
		<node name="menu">
			<node name="localSearch" value="Helyi keresés"/>
			<node name="rescan" value="Rescan" toBeTranslated="true"/>
		</node>
		<node name="openBook" value="Könyv megnyitása"/>
		<node name="showBookInfo" value="Információk a könyvről"/>
		<node name="shareBook" value="Share book" toBeTranslated="true"/>
		<node name="deleteBook" value="Könyv törlése"/>
		<node name="addToFavorites" value="Hozzáadás a kedvencekhez"/>
		<node name="removeFromFavorites" value="Eltávolítás a kedvencek közül"/>
		<node name="markAsRead" value="Mark as read" toBeTranslated="true"/>
		<node name="markAsUnread" value="Mark as unread" toBeTranslated="true"/>
	</node>
	<node name="networkLibrary" value="FBReader internetes könyvtár">
		<node name="byAuthor" value="Szerző">
			<node name="summary" value="Könyvek szerző szerint"/>
		</node>
		<node name="byTitle" value="Cím">
			<node name="summary" value="Könyvek cím szerint"/>
		</node>
		<node name="byDate" value="Dátum">
			<node name="summary" value="Könyvek letöltés dátuma szerint"/>
		</node>
		<node name="bySeries" value="Sorozat">
			<node name="summary" value="Könyvek sorozat szerint"/>
		</node>
		<node name="search" value="Keresés">
			<node name="summary" value="Keresés itt: %s"/>
			<node name="summaryAllCatalogs" value="Könyvek keresése a katalógusokban"/>
			<node name="summaryInProgress" value="keresés folyamatban"/>
		</node>
		<node name="found" value="Találatok">
			<node name="summary" value="Keresés az eredmények között: %s"/>
		</node>
		<node name="openCatalog" value="Katalógus megnyitása"/>
		<node name="networkSearch" value="Keresés"/>
		<node name="showResults" value="Eredmények"/>
		<node name="showBooks" value="Könyvek"/>
		<node name="download" value="Letöltés"/>
		<node name="read" value="Helyi példány olvasása"/>
		<node name="delete" value="Helyi példány törlése"/>
		<node name="readDemo" value="Minta olvasása"/>
		<node name="deleteDemo" value="Minta törlése"/>
		<node name="downloadDemo" value="Minta letöltése"/>
		<node name="buy" value="Vásárlás (%s)"/>
		<node name="addToBasket" value="Kosárba tesz"/>
		<node name="removeFromBasket" value="Kosárból eltávolít"/>
		<node name="openBasket" value="Kosár megnyitása"/>
		<node name="clearBasket" value="Kosár kiürítése"/>
		<node name="buyAllBooks" value="Összes könyv megvásárlása"/>
		<node name="openInBrowser" value="Megnyitás böngészőben"/>
		<node name="stopLoading" value="Letöltés leállítása"/>
		<node name="stopSearching" value="Keresés leállítása"/>
		<node name="signIn" value="Bejelentkezés"/>
		<node name="signOut" value="Kijelentkezés (%s)"/>
		<node name="topup" value="Számla feltöltése (Jelenleg: %s)"/>
		<node name="topupTitle" value="Számla feltöltése"/>
		<node name="topupViaBrowser" value="Oldal megnyitása böngészőben"/>
		<node name="authorizationMenuTitle" value="Művelet kiválasztása"/>
		<node name="topupSummary" value="Jelenleg: %s"/>
		<node name="basket" value="Kosár"/>
		<node name="basketSummaryEmpty" value="A kosár üres."/>
		<node name="basketSummaryCountOnly" value="%0 könyv"/>
		<node name="basketSummary" value="%0 könyv (%1)"/>
		<node name="alreadyDownloading" value="Könyv letöltése folyamatban"/>
		<node name="alreadyDownloadingDemo" value="Minta letöltése folyamatban"/>
		<node name="stoppingCatalogLoading" value="Letöltés leállítása"/>
		<node name="stoppingNetworkSearch" value="Keresés leállítása"/>
		<node name="editCustomCatalog" value="Katalógus szerkesztése"/>
		<node name="removeCustomCatalog" value="Katalógus törlése"/>
		<node name="addCustomCatalog" value="Katalógus hozzáadása"/>
		<node name="addCustomCatalogSummary" value="OPDS katalógus kézi hozzáadása"/>
		<node name="confirmQuestions">
			<node name="read" value="Elolvassa a helyi példányt?"/>
			<node name="download" value="Letölti a könyvet?"/>
			<node name="readDemo" value="Elolvassa a mintát?"/>
			<node name="downloadDemo" value="Letölti a mintát?"/>
			<node name="buy" value="Megvásárolja a könyvet? (%s)"/>
			<node name="openInBrowser" value="Megnyitja a katalógust a böngészőben?"/>
		</node>
		<node name="downloadingCatalogs" value="Katalógusok letöltése"/>
		<!-- used as notification title -->
		<node name="searchingNetwork" value="Könyv keresése az interneten"/>
		<!-- used as notification title -->
		<node name="addCatalog">
			<node name="title" value="Új katalógus"/>
			<node name="editUrl" value="URL megadása"/>
		</node>
		<node name="menu">
			<node name="networkSearch" value="Internetes keresés"/>
			<node name="reload" value="Újratöltés"/>
			<node name="signIn" value="Bejelentkezés"/>
			<node name="signUp" value="Regisztráció"/>
			<node name="signOut" value="Kijelentkezés (%s)"/>
			<node name="topup" value="Számla feltöltése"/>
			<node name="addCustomCatalog" value="Katalógus hozzáadása"/>
			<node name="refreshCatalogsList" value="Katalógusok frissítése"/>
			<node name="languages" value="Nyelvi szűrő"/>
			<node name="clearBasket" value="Kosár kiürítése"/>
			<node name="buyAllBooks" value="összes könyv megvásárlása"/>
		</node>
	</node>
	<node name="buyBook">
		<node name="title" value="Könyv vásárlása"/>
		<node name="titleSeveralBooks" value="Könyvek vásárlása"/>
		<node name="confirm" value="Biztosan megvásárolja ezt a könyvet?&#10;“%s”"/>
		<node name="confirmSeveralBooks" value="Biztosan megvásárol %s könyvet?"/>
		<node name="alreadyBought" value="Ezt a könyvet már megvásárolta"/>
		<node name="notAuthorized" value="Bejelentkezés szükséges"/>
		<node name="noAccountInformation" value="Fiók állapota nem elérhető"/>
		<node name="unsufficientFunds" value="A vásárlás végösszege %0, de az Ön számláján csak %1 van "/>
		<node name="zeroFunds" value="A vásárlás végösszege %0"/>
	</node>
	<node name="bookInfo">
		<node name="bookInfo" value="Könyv adatai"/>
		<node name="fileInfo" value="Fájlinformáció"/>
		<node name="description" value="Leírás"/>
		<node name="noDescription" value="Nem érhető el leírás."/>
		<node name="annotation" value="Fülszöveg"/>
		<node name="title" value="Cím:"/>
		<node name="authors" value="Szerzők:"/>
		<node name="series" value="Sorozat:"/>
		<node name="indexInSeries" value="Sorszám:"/>
		<node name="tags" value="Címkék:"/>
		<node name="language" value="Nyelv:"/>
		<node name="name" value="Név:"/>
		<node name="type" value="Típus:"/>
		<node name="size" value="Méret:"/>
		<node name="time" value="Utolsó módosítás:"/>
		<node name="sizeInBytes" value="%s byte"/>
		<node name="sizeInKiloBytes" value="%s kB"/>
		<node name="catalog" value="Katalógus:"/>
		<node name="extraLinks" value="Kapcsolódó linkek"/>
		<node name="menu">
			<node name="edit" value="Szerkesztés"/>
		</node>
	</node>
	<node name="bookDownloader">
		<node name="tickerSuccess" value="Könyv letöltve"/>
		<node name="tickerError" value="Hiba a könyv letöltése közben"/>
		<node name="contentSuccess" value="Letöltés kész"/>
		<node name="contentError" value="Letöltés sikertelen"/>
		<node name="downloadingStarted" value="Könyv letöltése elindítva"/>
		<node name="alreadyDownloading" value="A könyv már letöltés alatt"/>
		<node name="cannotCreateDirectory" value="%s mappa létrehozása sikertelen"/>
		<node name="cannotCreateFile" value="%s fájl létrehozása sikertelen"/>
	</node>
	<node name="tocView">
		<node name="expandTree" value="Kibontás"/>
		<node name="collapseTree" value="Összecsukás"/>
		<node name="readText" value="Könyv olvasása"/>
	</node>
	<node name="bookmarksView">
		<node name="thisBook" value="Ez a könyv"/>
		<node name="allBooks" value="Minden könyv"/>
		<node name="found" value="Találat"/>
		<node name="new" value="Új könyvjelző"/>
		<node name="open" value="Megnyitás"/>
		<node name="edit" value="Könyvjelző szerkesztése"/>
		<node name="delete" value="Könyvelző törlése"/>
		<node name="menu">
			<node name="search" value="Keresés"/>
		</node>
	</node>
	<node name="cancelMenu">
		<node name="library" value="Open library" toBeTranslated="true"/>
		<node name="networkLibrary" value="Open network library" toBeTranslated="true"/>
		<node name="previousBook" value="Előző könyv megnyitása"/>
		<node name="returnTo" value="Visszatérés …"/>
		<node name="back" value="Vissza"/>
		<node name="forward" value="Előre"/>
		<node name="close" value="FBReader bezárása"/>
	</node>
	<node name="style" value="Style %s" toBeTranslated="true"/>
	<node name="highlightingStyleMenu">
		<node name="editStyle" value="Edit style…" toBeTranslated="true"/>
		<node name="deleteBookmark" value="Könyvelző törlése"/>
	</node>
	<node name="editStyle">
		<node name="name" value="Style name" toBeTranslated="true"/>
		<node name="invisible" value="Invisible" toBeTranslated="true">
			<node name="summaryOn" value="Do not highlight bookmarks" toBeTranslated="true"/>
			<node name="summaryOff" value="Highlight bookmarks" toBeTranslated="true"/>
		</node>
		<node name="bgColor" value="Background color" toBeTranslated="true"/>
	</node>
	<node name="selection" value="Kijelölés">
		<node name="copyToClipboard" value="Vágólapra másol"/>
		<node name="openInDictionary" value="Megnyitás szótárban"/>
		<node name="quoteFrom" value="Idézet innen: %s"/>
		<node name="textInBuffer" value="Vágólapra másolva:&#10;%s"/>
		<node name="bookmarkCreated" value="Könyvjelző létrehozva:&#10;%s"/>
		<node name="clearSelection" value="Kijelölés eltávolítása"/>
	</node>
	<node name="sharing">
		<node name="sharedFrom" value="Shared from &lt;a href=&quot;http://www.fbreader.org/&quot;&gt;FBReader&lt;/a&gt;" toBeTranslated="true"/>
	</node>
	<node name="menu">
		<node name="preferences" value="Beállítások"/>
		<node name="bookInfo" value="Könyv adatai"/>
		<node name="library" value="Könyvtár"/>
		<node name="toc" value="Tartalom"/>
		<node name="day" value="Nappali"/>
		<node name="night" value="Éjjeli"/>
		<node name="networkLibrary" value="Internetes könyvtár"/>
		<node name="navigate" value="Navigáció">
			<node name="toc" value="Tartalomjegyzék"/>
			<node name="gotoHome" value="A dokumentum elejére"/>
			<node name="gotoPageNumber" value="Ugrás oldalszámra…"/>
			<node name="gotoSectionStart" value="Ugrás a szövegrész elejére"/>
			<node name="gotoSectionEnd" value="Ugrás a szövegrész végére"/>
			<node name="nextTOCSection" value="Ugrás a tartalomjegyzék következő elemére"/>
			<node name="previousTOCSection" value="Ugrás a tartalomjegyzék előző elemére"/>
			<node name="undo" value="Vissza"/>
			<node name="redo" value="Előre"/>
		</node>
		<node name="shareBook" value="Share book" toBeTranslated="true"/>
		<node name="search" value="Keresés"/>
		<node name="rotate" value="Kijelző elforgatása"/>
		<node name="screenOrientation" value="Kijelző iránya"/>
		<node name="screenOrientationSystem" value="Rendszerbeállítás"/>
		<node name="screenOrientationSensor" value="Készülék irányától függ"/>
		<node name="screenOrientationPortrait" value="Álló"/>
		<node name="screenOrientationLandscape" value="Fekvő"/>
		<node name="screenOrientationReversePortrait" value="Fordított álló"/>
		<node name="screenOrientationReverseLandscape" value="Fordított fekvő"/>
		<node name="increaseFont" value="Nagyítás"/>
		<node name="decreaseFont" value="Kicsinyítés"/>
		<node name="toggleFullscreen" value="Teljes kijelző"/>
		<node name="bookmarks" value="Könyvjelzők"/>
	</node>
	<node name="BookInfo">
		<node name="fileName" value="Fájlnév"/>
		<node name="title" value="Cím"/>
		<node name="language" value="Nyelv"/>
		<node name="encoding" value="Kódolás"/>
		<node name="authors" value="Szerzők"/>
		<node name="tags" value="Címkék"/>
		<node name="series" value="Sorozat"/>
	</node>
	<node name="Preferences">
		<node name="directories" value="Mappák">
			<node name="summary" value="Mely mappákban keressen fájlokat"/>
			<node name="books" value="Könyvek mappája"/>
			<node name="fonts" value="Betűtípusok mappája"/>
			<node name="wallpapers" value="Háttérképek mappája"/>
		</node>
		<node name="appearance" value="Megjelenés">
			<node name="summary" value="Elforgatás, állapotsor"/>
			<node name="language" value="Interface language" toBeTranslated="true"/>
			<node name="screenOrientation" value="Kijelző iránya">
				<node name="system" value="Rendszerbeállítás"/>
				<node name="sensor" value="A készülék irányától függ"/>
				<node name="portrait" value="Álló"/>
				<node name="landscape" value="Fekvő"/>
				<node name="reversePortrait" value="Fordított álló"/>
				<node name="reverseLandscape" value="Fordított fekvő"/>
			</node>
			<node name="autoOrientation" value="Automatikus elforgatás">
				<node name="summaryOn" value="A kijelző elfordul a készülék mozgatásakor"/>
				<node name="summaryOff" value="A kijelző nem fordul el a készülés mozgatásakor"/>
			</node>
			<node name="showStatusBar" value="Állapotsor látható">
				<node name="summaryOn" value="Az állapotsor látszik olvasás közben"/>
				<node name="summaryOff" value="Az állapotsor nem látszik olvasás közben"/>
			</node>
			<node name="showActionBar" value="Akciósáv látható">
				<node name="summaryOn" value="Akciósáv látható olvasás közben"/>
				<node name="summaryOff" value="Akciósáv elrejtése olvasás közben"/>
			</node>
			<node name="showStatusBarWhenMenuIsActive" value="Állapotsor látható a menüben">
				<node name="summaryOn" value="Az állapotsor látszik a menübe belépéskor"/>
				<node name="summaryOff" value="Az állapotsor nem látszik a menübe belépéskor"/>
			</node>
			<node name="disableButtonLights" value="Gombok megvilágításának kikapcsolása">
				<node name="summaryOn" value="Megvilágítás kikapcsolása olvasás közben (nem minden eszköznél működik)"/>
				<node name="summaryOff" value="Ne próbálja kikapcsolni a gombok háttérvilágítását"/>
			</node>
			<node name="twoColumnView" value="Two column view" toBeTranslated="true">
				<node name="summaryOn" value="Display text in two columns when device is held horizontally" toBeTranslated="true"/>
				<node name="summaryOff" value="Always display text in one column" toBeTranslated="true"/>
			</node>
			<node name="allowScreenBrightnessAdjustment" value="Fényerő beállítása">
				<node name="summaryOn" value="Felfelé/lefelé csúsztatás a képernyő bal oldalán"/>
				<node name="summaryOff" value="Kikapcsolva"/>
			</node>
			<node name="dontTurnScreenOff" value="Kijelző kikapcsolása">
				<node name="0" value="Soha"/>
				<node name="25" value="25 százalék akku töltöttség alatt"/>
				<node name="50" value="50 százalék akku töltöttség alatt"/>
				<node name="100" value="Mindig (automatikusan)"/>
			</node>
			<node name="dontTurnScreenOffDuringCharging" value="Kijelző kikapcsolása töltéskor">
				<node name="summaryOn" value="Ne kapcsoljon ki a kijelző az akkumulátor töltésekor"/>
				<node name="summaryOff" value="A kijelző automatikusan kikapcsol az akkumulátor töltésekor is"/>
			</node>
		</node>
		<node name="text" value="Szöveg">
			<node name="summary" value="Betűtípus, elválasztás stb."/>
			<node name="fontProperties" value="Font properties" toBeTranslated="true">
				<node name="summary" value="Font smoothing options" toBeTranslated="true"/>
				<node name="antiAlias" value="Antialiasing" toBeTranslated="true">
					<node name="summaryOn" value="Antialiasing is enabled" toBeTranslated="true"/>
					<node name="summaryOff" value="Antialiasing is disabled" toBeTranslated="true"/>
				</node>
				<node name="deviceKerning" value="Device kerning" toBeTranslated="true">
					<node name="summaryOn" value="Device kerning is enabled" toBeTranslated="true"/>
					<node name="summaryOff" value="Device kerning is disabled" toBeTranslated="true"/>
				</node>
				<node name="dithering" value="Dithering" toBeTranslated="true">
					<node name="summaryOn" value="Color dithering is enabled" toBeTranslated="true"/>
					<node name="summaryOff" value="Color dithering is disabled" toBeTranslated="true"/>
				</node>
				<node name="hinting" value="Hinting" toBeTranslated="true">
					<node name="summaryOn" value="Font hinting is enabled" toBeTranslated="true"/>
					<node name="summaryOff" value="Font hinting is disabled" toBeTranslated="true"/>
				</node>
				<node name="subpixel" value="Subpixel smoothing" toBeTranslated="true">
					<node name="summaryOn" value="Subpixel smoothing is enabled" toBeTranslated="true"/>
					<node name="summaryOff" value="Subpixel smoothing is disabled" toBeTranslated="true"/>
				</node>
			</node>
			<node name="font" value="Betűtípus">
				<node name="unchanged" value="&lt;változatlan&gt;"/>
			</node>
			<node name="fontSize" value="Betűméret"/>
			<node name="fontSizeDifference" value="Méretkülönbség"/>
			<node name="fontStyle" value="Betűstílus">
				<node name="regular" value="Normál"/>
				<node name="bold" value="Félkövér"/>
				<node name="italic" value="Dőlt"/>
				<node name="boldItalic" value="Félkövér és dőlt"/>
			</node>
			<node name="bold" value="Félkövér">
				<node name="summaryOn" value="félkövér"/>
				<node name="summaryOff" value="normál"/>
				<node name="unchanged" value="&lt;változatlan&gt;"/>
			</node>
			<node name="italic" value="Dőlt">
				<node name="summaryOn" value="dőlt"/>
				<node name="summaryOff" value="normál"/>
				<node name="unchanged" value="&lt;változatlan&gt;"/>
			</node>
			<node name="underlined" value="Underlined" toBeTranslated="true">
				<node name="summaryOn" value="underlined" toBeTranslated="true"/>
				<node name="summaryOff" value="regular" toBeTranslated="true"/>
				<node name="unchanged" value="&lt;változatlan&gt;"/>
			</node>
			<node name="strikedThrough" value="Striked through" toBeTranslated="true">
				<node name="summaryOn" value="striked through" toBeTranslated="true"/>
				<node name="summaryOff" value="regular" toBeTranslated="true"/>
				<node name="unchanged" value="&lt;változatlan&gt;"/>
			</node>
			<node name="lineSpacing" value="Sorköz">
				<node name="unchanged" value="&lt;változatlan&gt;"/>
			</node>
			<node name="alignment" value="Igazítás">
				<node name="left" value="Balra"/>
				<node name="right" value="Jobbra"/>
				<node name="center" value="Középre"/>
				<node name="justify" value="Sorkizárt"/>
				<node name="unchanged" value="&lt;változatlan&gt;"/>
			</node>
			<node name="autoHyphenations" value="Automatikus elválasztás">
				<node name="summaryOn" value="Automatikusan válassza el a szavakat"/>
				<node name="summaryOff" value="Automatikus elválasztás kikapcsolva"/>
			</node>
			<node name="allowHyphenations" value="Elválasztás engedélyezése">
				<node name="summaryOn" value="válassza el a szavakat"/>
				<node name="summaryOff" value="ne válassza el a szavakat"/>
				<node name="unchanged" value="&lt;változatlan&gt;"/>
			</node>
			<node name="firstLineIndent" value="Első sor behúzása"/>
			<node name="spaceBefore" value="Térköz előtte"/>
			<node name="spaceAfter" value="Térköz utána"/>
			<node name="leftIndent" value="Bal oldali behúzás"/>
			<node name="rightIndent" value="Jobb oldali behúzás"/>
			<node name="more" value="További formázás">
				<node name="summary" value="Különálló beállítások címekhez, mottókhoz stb."/>
				<node name="Regular Paragraph" value="Normál bekezdés">
					<node name="summary" value=""/>
				</node>
				<node name="Title" value="Cím">
					<node name="summary" value=""/>
				</node>
				<node name="Section Title" value="Rész címe">
					<node name="summary" value=""/>
				</node>
				<node name="Poem Title" value="Vers címe">
					<node name="summary" value=""/>
				</node>
				<node name="Subtitle" value="Alcím">
					<node name="summary" value=""/>
				</node>
				<node name="Annotation" value="Fülszöveg">
					<node name="summary" value=""/>
				</node>
				<node name="Epigraph" value="Mottó">
					<node name="summary" value=""/>
				</node>
				<node name="Stanza" value="Versszak">
					<node name="summary" value=""/>
				</node>
				<node name="Verse" value="Verssor">
					<node name="summary" value=""/>
				</node>
				<node name="Preformatted text" value="Előformázott szöveg">
					<node name="summary" value=""/>
				</node>
				<node name="Image" value="Kép">
					<node name="summary" value=""/>
				</node>
				<node name="Cite" value="Idézet">
					<node name="summary" value=""/>
				</node>
				<node name="Author" value="Szerző">
					<node name="summary" value=""/>
				</node>
				<node name="Date" value="Dátum">
					<node name="summary" value=""/>
				</node>
				<node name="Internal Hyperlink" value="Belső hivatkozás">
					<node name="summary" value=""/>
				</node>
				<node name="Footnote" value="Lábjegyzet">
					<node name="summary" value=""/>
				</node>
				<node name="Emphasis" value="Kiemelés">
					<node name="summary" value=""/>
				</node>
				<node name="Strong" value="Hangsúly">
					<node name="summary" value=""/>
				</node>
				<node name="Subscript" value="Alsó index">
					<node name="summary" value=""/>
				</node>
				<node name="Superscript" value="Felső index">
					<node name="summary" value=""/>
				</node>
				<node name="Code" value="Kód">
					<node name="summary" value=""/>
				</node>
				<node name="StrikeThrough" value="Áthúzás">
					<node name="summary" value=""/>
				</node>
				<node name="Italic" value="Dőlt">
					<node name="summary" value=""/>
				</node>
				<node name="Bold" value="Félkövér">
					<node name="summary" value=""/>
				</node>
				<node name="Definition" value="Definíció">
					<node name="summary" value=""/>
				</node>
				<node name="Definition Description" value="Definíció leírása">
					<node name="summary" value=""/>
				</node>
				<node name="Header 1" value="Címsor 1">
					<node name="summary" value=""/>
				</node>
				<node name="Header 2" value="Címsor 2">
					<node name="summary" value=""/>
				</node>
				<node name="Header 3" value="Címsor 3">
					<node name="summary" value=""/>
				</node>
				<node name="Header 4" value="Címsor 4">
					<node name="summary" value=""/>
				</node>
				<node name="Header 5" value="Címsor 5">
					<node name="summary" value=""/>
				</node>
				<node name="Header 6" value="Címsor 6">
					<node name="summary" value=""/>
				</node>
				<node name="External Hyperlink" value="Külső hiperhivatkozás">
					<node name="summary" value=""/>
				</node>
			</node>
		</node>
		<node name="css" value="CSS" toBeTranslated="true">
			<node name="summary" value="Apply/ignore values defined in CSS" toBeTranslated="true"/>
			<node name="fontSize" value="Font size" toBeTranslated="true">
				<node name="summaryOn" value="Apply font size defined in CSS" toBeTranslated="true"/>
				<node name="summaryOff" value="Ignore font size defined in CSS" toBeTranslated="true"/>
			</node>
			<node name="textAlignment" value="Text alignment" toBeTranslated="true">
				<node name="summaryOn" value="Apply text alignment defined in CSS" toBeTranslated="true"/>
				<node name="summaryOff" value="Ignore text alignment defined in CSS" toBeTranslated="true"/>
			</node>
		</node>
		<node name="colors" value="Színek és háttérképek">
			<node name="summary" value="Színbeállítások"/>
			<node name="background" value="Háttér">
				<node name="solidColor" value="Egyszínű"/>
				<node name="leather" value="Bőr"/>
				<node name="sepia" value="Szépia"/>
				<node name="wood" value="Fa"/>
			</node>
			<node name="backgroundColor" value="Háttérszín"/>
			<node name="selectionBackground" value="Kijelölés háttere"/>
			<node name="selectionForeground" value="Kijelölt szöveg"/>
			<node name="text" value="Szöveg"/>
			<node name="hyperlink" value="Link"/>
			<node name="hyperlinkVisited" value="Meglátogatott link"/>
			<node name="highlighting" value="Találatok kiemelése"/>
			<node name="footer" value="Lábléc"/>
		</node>
		<node name="margins" value="Margók">
			<node name="summary" value="Szövegmargók"/>
			<node name="left" value="Bal margó"/>
			<node name="right" value="Jobb margó"/>
			<node name="top" value="Felső margó"/>
			<node name="bottom" value="Alsó margó"/>
			<node name="spaceBetweenColumns" value="Space between columns" toBeTranslated="true"/>
		</node>
		<node name="scrollBar" value="Gördítősáv">
			<node name="summary" value="A gördítősáv és a lábléc beállításai"/>
			<node name="scrollbarType" value="Gördítősáv típusa">
				<node name="hide" value="Rejtett"/>
				<node name="show" value="Függőleges csúszka"/>
				<node name="showAsProgress" value="Függőleges folyamatjelző"/>
				<node name="showAsFooter" value="Vízszintes lábléc"/>
			</node>
			<node name="footerHeight" value="Lábléc magassága"/>
			<node name="footerColor" value="Lábléc színe"/>
			<node name="tocMarks" value="Tartalomjegyzék jelzése">
				<node name="summaryOn" value="Mutassa a tartalomjegyzék elemeit a láblécen"/>
				<node name="summaryOff" value="Ne mutassa a tartalomjegyzék elemeit a láblécen"/>
			</node>
			<node name="showProgress" value="Oldalszám">
				<node name="summaryOn" value="Mutassa az oldalszámot a láblécben"/>
				<node name="summaryOff" value="Ne mutassa az oldalszámot a láblécben"/>
			</node>
			<node name="showBattery" value="Akku töltöttség">
				<node name="summaryOn" value="Mutassa az akkumulátor töltöttségét a láblécben"/>
				<node name="summaryOff" value="Ne mutassa az akkumulátor töltöttségét a láblécben"/>
			</node>
			<node name="showClock" value="Óra">
				<node name="summaryOn" value="Mutassa a pontos időt a láblécben"/>
				<node name="summaryOff" value="Ne mutassa a pontos időt a láblécben"/>
			</node>
			<node name="font" value="Lábléc betűtípusa"/>
		</node>
		<node name="scrolling" value="Lapozás">
			<node name="summary" value="Szöveg görgetésének beállításai"/>
			<node name="fingerScrolling" value="Lapozás az érintőképernyőn">
				<node name="byTap" value="Lapozás érintésre"/>
				<node name="byFlick" value="Lapozás ujjmozdulatra"/>
				<node name="byTapAndFlick" value="Lapozás érintésre és ujjmozdulatra"/>
			</node>
			<node name="enableDoubleTapDetection" value="Dupla érintés érzékelése">
				<node name="summaryOn" value="Dupla érintés a navigációhoz/menühöz"/>
				<node name="summaryOff" value="Dupla érintések figyelmen kívül hagyása"/>
			</node>
			<node name="volumeKeys" value="Lapozás a hangerő gombokkal">
				<node name="summaryOn" value="Hangerő gombok használata lapozáshoz"/>
				<node name="summaryOff" value="A hangerő gombok a hangerőt állítják"/>
			</node>
			<node name="invertVolumeKeys" value="Fordított lapozás a hangerő gombokal">
				<node name="summaryOn" value="Fel (le) gomb lefelé (felfelé) lapoz"/>
				<node name="summaryOff" value="Fel (le) gomb felfelé (lefelé) lapoz"/>
			</node>
			<node name="animation" value="Animáció">
				<node name="none" value="Görgetés animáció nélkül"/>
				<node name="curl" value="Hajlítás"/>
				<node name="slide" value="Csúsztatás"/>
				<node name="shift" value="Eltolás"/>
			</node>
			<node name="animationSpeed" value="Animáció sebessége">
				<node name="fast" value="gyors"/>
				<node name="slow" value="lassú"/>
			</node>
			<node name="horizontal" value="Vízszintes lapozás">
				<node name="summaryOn" value="Oldalak görgetése vízszintesen"/>
				<node name="summaryOff" value="Oldalak görgetése függőlegesen"/>
			</node>
		</node>
		<node name="tapZones" value="Érintési zónák">
			<node name="summary" value="Műveletek érintésre"/>
			<node name="tapZonesScheme" value="Érintési zóna sémák">
				<node name="left_to_right" value="Balról jobbra lapozás"/>
				<node name="right_to_left" value="Jobbról balra lapozás"/>
				<node name="up" value="Lentről felfelé lapozás"/>
				<node name="down" value="Fentről lefelé lapozás"/>
				<node name="custom" value="Egyéni…"/>
			</node>
		</node>
		<node name="dictionary" value="Szótár">
			<node name="summary" value="Szótár beállításai"/>
			<node name="dictionary" value="Szótár"/>
			<node name="translator" value="Fordító"/>
			<node name="tappingAction" value="Hosszú érintés">
				<node name="doNothing" value="Nem történik semmi hosszú érintésre"/>
				<node name="selectSingleWord" value="A hosszú érintés kijelöli a szót"/>
				<node name="startSelecting" value="A hosszú érintés elindítja a kijelölést"/>
				<node name="openDictionary" value="A hosszú érintés kijelöli a szót, a felengedés megnyitja a szótárt"/>
			</node>
			<node name="navigateOverAllWords" value="Navigáció szavanként">
				<node name="summaryOn" value="A gombnyomásos navigáció szóról szóra ugrik"/>
				<node name="summaryOff" value="A gombnyomásos navigáció linkről linkre ugrik"/>
			</node>
		</node>
		<node name="images" value="Képek">
			<node name="summary" value="Képmegjelenítési beállítások"/>
			<node name="backgroundColor" value="Képnéző háttérszíne"/>
			<node name="tappingAction" value="Művelet hosszú érintésre">
				<node name="doNothing" value="Nem történik semmi hosszú érintésre"/>
				<node name="selectImage" value="A hosszú érintés kijelöli a képet"/>
				<node name="openImageView" value="A hosszú érintés megnyitja a képnézőt"/>
			</node>
			<node name="fitImagesToScreen" value="Fit images to screen" toBeTranslated="true">
				<node name="none" value="None" toBeTranslated="true"/>
				<node name="covers" value="Covers only" toBeTranslated="true"/>
				<node name="all" value="All" toBeTranslated="true"/>
			</node>
		</node>
		<node name="cancelMenu" value="Vissza menü">
			<node name="summary" value="Vissza gomb műveletek"/>
			<node name="library" value="Library" toBeTranslated="true">
				<node name="summaryOn" value="Show 'open library' item" toBeTranslated="true"/>
				<node name="summaryOff" value="Don't show 'open library' item" toBeTranslated="true"/>
			</node>
			<node name="networkLibrary" value="Network library" toBeTranslated="true">
				<node name="summaryOn" value="Show 'open network library' item" toBeTranslated="true"/>
				<node name="summaryOff" value="Don't show 'open network library' item" toBeTranslated="true"/>
			</node>
			<node name="previousBook" value="Előző könyv">
				<node name="summaryOn" value="Mutassa a menüben a 'Vissza az előző könyvhöz' menüpontot"/>
				<node name="summaryOff" value="Ne mutassa a 'Vissza az előző könyvhöz' menüpontot"/>
			</node>
			<node name="positions" value="Utolsó 3 pozíció">
				<node name="summaryOn" value="Mutassa az utolsó 3 elmentett pozíciót a könyvben"/>
				<node name="summaryOff" value="Ne mutassa az utolsó 3 pozíciót"/>
			</node>
			<node name="backKeyAction" value="Vissza gomb műveletek">
				<node name="exit" value="FBReader bezárása"/>
				<node name="goBack" value="Navigáljon vissza a szövegben"/>
				<node name="cancelMenu" value="Vissza menü megjelenítése"/>
			</node>
			<node name="backKeyLongPressAction" value="Vissza gomb hosszú nyomására">
				<node name="exit" value="FBReader bezárása"/>
				<node name="goBack" value="Navigáljon vissza a szövegben"/>
				<node name="cancelMenu" value="Vissza menü megjelenítése"/>
				<node name="none" value="Semmit ne tegyen"/>
			</node>
		</node>
		<node name="tips" value="Tippek">
			<node name="summary" value="Napi tippek beállításai"/>
			<node name="showTips" value="Napi tippek">
				<node name="summaryOn" value="Mutasson tippeket"/>
				<node name="summaryOff" value="Ne mutasson"/>
			</node>
		</node>
		<node name="about" value="Az FBReader névjegye">
			<node name="summary" value="Verziószám, kapcsolat"/>
			<node name="version" value="Verzió"/>
			<node name="site" value="Ugrás a weboldalunkra">
				<node name="url" value="http://www.fbreader.org/"/>
			</node>
			<node name="email" value="E-mail küldése">
				<node name="url" value="mailto:contact@geometerplus.com"/>
			</node>
			<node name="twitter" value="Kövessen Twitteren">
				<node name="url" value="http://twitter.com/fbreader"/>
			</node>
		</node>
	</node>
	<node name="dialog">
		<node name="button">
			<node name="install" value="Telepítés"/>
			<node name="update" value="Frissítés"/>
			<node name="skip" value="Kihagy"/>
			<node name="buy" value="Vásárlás"/>
			<node name="buyAndDownload" value="Vásárlás és letöltés"/>
			<node name="continue" value="Folytatás"/>
			<node name="editUrl" value="URL szerkesztése"/>
			<node name="tryAgain" value="Próbálja újra"/>
			<node name="openBook" value="Olvasás"/>
			<node name="editInfo" value="Szerkesztés"/>
			<node name="reloadInfo" value="Újratölt"/>
			<node name="shareBook" value="Share" toBeTranslated="true"/>
			<node name="topup" value="Számla feltöltése"/>
			<node name="pay" value="Fizetés"/>
			<node name="refresh" value="Frissítés"/>
			<node name="authorize" value="Hitelesítés"/>
			<node name="resetPosition" value="Pozíció nullázása"/>
			<node name="sendReport" value="Send report" toBeTranslated="true"/>
			<node name="addToFavorites" value="Hozzáadás a kedvencekhez"/>
			<node name="removeFromFavorites" value="Eltávolítás a kedvencek közül"/>
			<node name="markAsRead" value="Mark as read" toBeTranslated="true"/>
			<node name="markAsUnread" value="Mark as unread" toBeTranslated="true"/>
		</node>
		<node name="plugin">
			<node name="installTitle" value="Bővítmény telepítése"/>
			<node name="updateTitle" value="Bővítmény frissítése"/>
			<node name="dontAskAgain" value="Ne kérdezze megint"/>
		</node>
		<node name="installDictionary">
			<node name="title" value="Telepítés helye"/>
			<node name="message" value="%s Telepíti?"/>
		</node>
		<node name="deleteBookBox">
			<node name="message" value="A fájl törlése nem visszavonható. Biztosan törli?"/>
		</node>
		<node name="redownloadFileBox">
			<node name="message" value="A fájl már létezik. Újra letölti?"/>
		</node>
		<node name="waitMessage">
			<node name="downloadingFile" value="Könyv letöltése %s"/>
			<node name="search" value="Keresés. Egy kis türelmet…"/>
			<node name="loadInfo" value="Információ letöltése. Egy kis türelmet…"/>
			<node name="loadingBook" value="Könyv megnyitása. Egy kis türelmet…"/>
			<node name="loadingBookList" value="Könyvtár megnyitása. Egy kis türelmet…"/>
			<node name="creatingBooksDatabase" value="Adatbázis létrehozása. Egy kis türelmet…"/>
			<node name="updatingBooksDatabase" value="Adatbázis frissítése. Egy kis türelmet…"/>
			<node name="loadingNetworkLibrary" value="Könyvtár megnyitása. Egy kis türelmet…"/>
			<node name="authentication" value="Bejelentkezés. Egy kis türelmet…"/>
			<node name="signOut" value="Kijelentkezés. Egy kis türelmet…"/>
			<node name="purchaseBook" value="Könyv vásárlása. Egy kis türelmet…"/>
			<node name="loadingCatalogInfo" value="Katalógus információ letöltése. Egy kis türelmet…"/>
			<node name="loadingNetworkBookInfo" value="Könyv információinak letöltése. Egy kis türelmet…"/>
			<node name="updatingCatalogsList" value="Katalógus listák frissítése. Egy kis türelmet…"/>
			<node name="updatingAccountInformation" value="Fiókadatok frissítése. Egy kis türelmet…"/>
		</node>
		<node name="networkError">
			<node name="internalError" value="Belső szerverhiba"/>
			<node name="purchaseNotEnoughMoney" value="Nincs elegendő pénz a számláján"/>
			<node name="purchaseMissingBook" value="Nincs ilyen könyv"/>
			<node name="purchaseAlreadyPurchased" value="Már megvásárolta a könyvet"/>
			<node name="bookNotPurchased" value="A könyv nincs megvásárolva"/>
			<node name="downloadLimitExceeded" value="Túllépte a letöltési korlátot"/>
			<node name="noUserEmail" value="Nincs regisztrált felhasználónk&#10;ezzel az e-mail címmel"/>
			<node name="unsupportedOperation" value="Nem támogatott művelet"/>
			<node name="notAnOPDS" value="Ez nem OPSD formátumú katalógus"/>
			<node name="noRequiredInformation" value="Szükséges információ nincs megadva a katalógusban"/>
			<node name="cacheDirectoryError" value="Gyorsítótár létrehozása sikertelen"/>
		</node>
		<node name="AuthenticationDialog">
			<node name="title" value="Bejelentkezés"/>
			<node name="unencryptedWarning" value="Jelszava titkosítatlanul lesz elküldve"/>
			<node name="login" value="Felhasználónév"/>
			<node name="password" value="Jelszó"/>
			<node name="loginIsEmpty" value="A felhasználónév nem lehet üres"/>
			<node name="register" value="Regisztráció"/>
		</node>
		<node name="CustomCatalogDialog">
			<node name="title" value="FBReader: egyéni katalógus hozzáadása"/>
			<node name="catalogTitle" value="Cím"/>
			<node name="catalogUrl" value="URL"/>
			<node name="catalogSummary" value="Leírás"/>
			<node name="catalogTitleExample" value="Pl.: Project Gutenberg katalógus"/>
			<node name="catalogUrlExample" value="Pl.: http://m.gutenberg.org/"/>
			<node name="catalogSummaryExample" value="Pl.: Ingyenes könyvek"/>
			<node name="titleIsEmpty" value="A cím nem lehet üres"/>
			<node name="urlIsEmpty" value="Az URL nem lehet üres"/>
			<node name="invalidUrl" value="Érvényelen URL"/>
			<node name="titleAlreadyExists" value="A megadott cím már használatban van"/>
			<node name="siteAlreadyExists" value="A megadott oldal már használatban van"/>
		</node>
		<node name="languageFilterDialog">
			<node name="title" value="Nyelvi szűrő"/>
		</node>
		<node name="tips">
			<node name="title" value="A nap tippje"/>
			<node name="initializationText" value="Szeretne naponta tippeket kapni az FBReaderről? Az új tippek az FBReader webhelyéről töltődnek le. A várható hálózati forgalom 1-2 kilobyte hetente.&#10;&#10;Bekapcsolja a tippeket?"/>
			<node name="dontShowAgain" value="Ne mutassa többet"/>
			<node name="more" value="Következő"/>
		</node>
	</node>
	<node name="errorMessage">
		<node name="cannotRunAndroidMarket" value="Android Market elérése sikertelen. Kérjük, telepítse manuálisan a következőt: %s "/>
		<node name="textNotFound" value="A keresett szöveg nem található a könyvben"/>
		<node name="bookNotFound" value="A keresett könyv nem található meg a könyvtárban"/>
		<node name="bookmarkNotFound" value="Sajnos nem találhatóak könyvjelzők"/>
		<node name="cannotOpenBook" value="A könyv sajnos jelenleg nem nyitható meg"/>
		<node name="dictionaryIsNotInstalled" value="Sajnos nincs telepítve szótár"/>
		<node name="permissionDenied" value="Sanos nem engedélyezett"/>
		<node name="noFavorites" value="A Kedvencek listája üres"/>
		<node name="noSeries" value="There are no books in series, sorry" toBeTranslated="true"/>
		<node name="emptyCatalog" value="A katalógus üres"/>
		<node name="emptyBasket" value="A kosár sajnos üres"/>
		<node name="emptyNetworkSearchResults" value="Nem található megfelelő könyv"/>
	</node>
	<node name="external">
		<node name="browser" value="Böngésző"/>
		<node name="defaultBrowser" value="Alapértelmezett böngésző"/>
	</node>
	<node name="mobipocketPlugin">
		<node name="unknown" value="Ismeretlen hiba"/>
		<node name="unsupportedCompressionMethod" value="Nem támogatott tömörítés"/>
		<node name="encryptedFile" value="Másolásvédett fájl"/>
	</node>
	<node name="crash">
		<node name="fixBooksDirectory">
			<node name="title" value="FBReader probléma"/>
			<node name="text" value="Az FBReader gyorsítótár mappája nem írható. Valószínűleg elfelejtette behelyezni vagy leválasztani a memóriakártyát. Kérem, javítsa a problémát, vagy válasszon egy másik mappát."/>
		</node>
		<node name="missingNativeLibrary">
			<node name="title" value="FBReader probléma"/>
			<node name="text" value="Az FBReader nem tudta betölteni a helyi könyvtárat. Lehet, hogy nincs megfelelően telepítve. Ha a probléma nem szűnik meg, próbálja meg újratelepíteni az FBReadert."/>
		</node>
	</node>
	<node name="error">
		<node name="bookReading">
			<node name="title" value="FBReader issue" toBeTranslated="true"/>
		</node>
	</node>
	<node name="bookReadingException">
		<node name="errorReadingFile" value="Error occured during reading '%s'" toBeTranslated="true"/>
		<node name="errorReadingZip" value="Error occured during extracting '%s'" toBeTranslated="true"/>
		<node name="pluginNotFound" value="No plugin for '%s'" toBeTranslated="true"/>
		<node name="unknownPluginType" value="Unknown plugin type: %s" toBeTranslated="true"/>
		<node name="fileNotFound" value="File is not found: %s" toBeTranslated="true"/>
		<node name="opfFileNotFound" value="OPF is not found in %s" toBeTranslated="true"/>
		<node name="unsupportedFileFormat" value="File format is not supported for '%s'" toBeTranslated="true"/>
		<node name="errorParsingRtf" value="Rtf parsing error in: %s" toBeTranslated="true"/>
	</node>
</resources>
