<?xml version="1.0" encoding="UTF-8"?>
<!-- Vietnamese FBReaderJ resources, by Phạm Văn Hùng_Firestork -->
<resources>
	<node name="library" value="FBReader library" toBeTranslated="true">
		<node name="unknownAuthor" value="Tác giả chưa biết"/>
		<node name="booksWithNoTags" value="Sách không từ khóa"/>
		<node name="demo" value="xem thử"/>
		<node name="byAuthor" value="Theo tác giả">
			<node name="summary" value="Sách được xếp theo tác giả"/>
		</node>
		<node name="byTitle" value="By title" toBeTranslated="true">
			<node name="summary" value="Books sorted by title" toBeTranslated="true"/>
		</node>
		<node name="bySeries" value="By series" toBeTranslated="true">
			<node name="summary" value="Books sorted by series" toBeTranslated="true"/>
		</node>
		<node name="byTag" value="Theo từ khóa">
			<node name="summary" value="Sách được xếp theo từ khóa "/>
		</node>
		<node name="recent" value="Gần đây">
			<node name="summary" value="Sách đọc gần đây"/>
		</node>
		<node name="favorites" value="Yêu thích">
			<node name="summary" value="Sách của tôi"/>
		</node>
		<node name="found" value="Tìm thấy">
			<node name="summary" value="Kết quả tìm kiếm khoảng: %s"/>
		</node>
		<node name="fileTree" value="Cây Tập tin">
			<node name="summary" value="Duyệt tập tin hệ thống"/>
		</node>
		<node name="fileTreeRoot" value="Thiết bị">
			<node name="summary" value="Toàn bộ tập tin hệ thống"/>
		</node>
		<node name="fileTreeCard" value="Thẻ nhớ">
			<node name="summary" value="Có thể thêm thẻ nhớ vào máy"/>
		</node>
		<node name="fileTreeLibrary" value="Thư viện FBReader">
			<node name="summary" value="Thư mục sách FBReader"/>
		</node>
		<node name="menu">
			<node name="localSearch" value="Tìm nội bộ"/>
			<node name="rescan" value="Rescan" toBeTranslated="true"/>
		</node>
		<node name="openBook" value="Mở sách"/>
		<node name="showBookInfo" value="Book info"/>
		<node name="shareBook" value="Share book" toBeTranslated="true"/>
		<node name="deleteBook" value="Xóa sách"/>
		<node name="addToFavorites" value="Thêm vào yêu thích"/>
		<node name="removeFromFavorites" value="Xóa khỏi yêu thích"/>
		<node name="markAsRead" value="Mark as read" toBeTranslated="true"/>
		<node name="markAsUnread" value="Mark as unread" toBeTranslated="true"/>
	</node>
	<node name="networkLibrary" value="FBReader network library" toBeTranslated="true">
		<node name="byAuthor" value="Theo tác giả">
			<node name="summary" value="Sách được xếp theo tác giả"/>
		</node>
		<node name="byTitle" value="By title" toBeTranslated="true">
			<node name="summary" value="Books sorted by title" toBeTranslated="true"/>
		</node>
		<node name="byDate" value="By date" toBeTranslated="true">
			<node name="summary" value="Books sorted by date of purchasing" toBeTranslated="true"/>
		</node>
		<node name="bySeries" value="By series" toBeTranslated="true">
			<node name="summary" value="Books sorted by series" toBeTranslated="true"/>
		</node>
		<node name="search" value="Tìm">
			<node name="summary" value="Search books on %s" toBeTranslated="true"/>
			<node name="summaryAllCatalogs" value="Tìm sách trong danh mục"/>
			<node name="summaryInProgress" value="Search in progress" toBeTranslated="true"/>
		</node>
		<node name="found" value="Tìm thấy">
			<node name="summary" value="Kết quả tìm kiếm khoảng: %s"/>
		</node>
		<node name="openCatalog" value="Mở danh mục"/>
		<node name="networkSearch" value="Tìm"/>
		<node name="showResults" value="Hiện kết quả"/>
		<node name="showBooks" value="Show books"/>
		<node name="download" value="Tải về"/>
		<node name="read" value="Đọc bản trên máy"/>
		<node name="delete" value="Xóa bản trên máy"/>
		<node name="readDemo" value="Đọc thử"/>
		<node name="deleteDemo" value="Xóa bản thử"/>
		<node name="downloadDemo" value="Tải về bản thử"/>
		<node name="buy" value="Mua (%s)"/>
		<node name="addToBasket" value="Add to basket" toBeTranslated="true"/>
		<node name="removeFromBasket" value="Remove from basket" toBeTranslated="true"/>
		<node name="openBasket" value="Open basket" toBeTranslated="true"/>
		<node name="clearBasket" value="Clear basket" toBeTranslated="true"/>
		<node name="buyAllBooks" value="Buy all books" toBeTranslated="true"/>
		<node name="openInBrowser" value="Mở trình duyệt"/>
		<node name="stopLoading" value="Dừng tải"/>
		<node name="stopSearching" value="Dừng tìm kiếm"/>
		<node name="signIn" value="Đăng nhập"/>
		<node name="signOut" value="Đăng xuất (%s)"/>
		<node name="topup" value="Làm đầy lại tài khoản (hiện tại: %s)"/>
		<node name="topupTitle" value="Làm đầy lại tài khoản"/>
		<node name="topupViaBrowser" value="Mở trang trong trình duyệt"/>
		<node name="authorizationMenuTitle" value="Select action" toBeTranslated="true"/>
		<node name="topupSummary" value="Hiện tại: %s"/>
		<node name="basket" value="Basket" toBeTranslated="true"/>
		<node name="basketSummaryEmpty" value="No books" toBeTranslated="true"/>
		<node name="basketSummaryCountOnly" value="%0 book(s)" toBeTranslated="true"/>
		<node name="basketSummary" value="%0 book(s) (%1)"/>
		<node name="alreadyDownloading" value="Sách đang được tải về"/>
		<node name="alreadyDownloadingDemo" value="Bản thử đang được tải về"/>
		<node name="stoppingCatalogLoading" value="Dừng tải"/>
		<node name="stoppingNetworkSearch" value="Dừng tìm"/>
		<node name="editCustomCatalog" value="Sửa Catalo"/>
		<node name="removeCustomCatalog" value="Xóa catalo"/>
		<node name="addCustomCatalog" value="Thêm"/>
		<node name="addCustomCatalogSummary" value="Thêm tùy chỉnh OPDS bằng tay"/>
		<node name="confirmQuestions">
			<node name="read" value="Bạn muốn đọc bản nội bộ?"/>
			<node name="download" value="Bạn muốn tải về quyển sách này?"/>
			<node name="readDemo" value="Bạn muốn đọc thử?"/>
			<node name="downloadDemo" value="Bản muốn tải về bản đọc thử?"/>
			<node name="buy" value="Bạn muốn mua quyển sách này? (%s)"/>
			<node name="openInBrowser" value="Bạn muốn mở danh mục sách trong trình duyệt?"/>
		</node>
		<node name="downloadingCatalogs" value="Đang tải các danh mục"/>
		<!-- used as notification title -->
		<node name="searchingNetwork" value="Đang tìm sách trên mạng"/>
		<!-- used as notification title -->
		<node name="addCatalog">
			<node name="title" value="Add catalog" toBeTranslated="true"/>
			<node name="editUrl" value="Enter URL manually" toBeTranslated="true"/>
		</node>
		<node name="menu">
			<node name="networkSearch" value="Tìm trên mạng"/>
			<node name="reload" value="Tải lại"/>
			<node name="signIn" value="Đăng nhập"/>
			<node name="signUp" value="Đăng ký"/>
			<node name="signOut" value="Đăng xuất (%s)"/>
			<node name="topup" value="Tái đầy tài khoản "/>
			<node name="addCustomCatalog" value="Thêm catalo"/>
			<node name="refreshCatalogsList" value="Tải lại các catalo"/>
			<node name="languages" value="Bộ lọc ngôn ngữ"/>
			<node name="clearBasket" value="Clear basket" toBeTranslated="true"/>
			<node name="buyAllBooks" value="Buy all books" toBeTranslated="true"/>
		</node>
	</node>
	<node name="buyBook">
		<node name="title" value="Mua sách"/>
		<node name="titleSeveralBooks" value="Purchase books" toBeTranslated="true"/>
		<node name="confirm" value="Bạn có chắc muốn mua quyển&#10;“%s”&#10;?"/>
		<node name="confirmSeveralBooks" value="Are you sure you want to buy %s books?" toBeTranslated="true"/>
		<node name="alreadyBought" value="Sách đã được mua"/>
		<node name="notAuthorized" value="Authorization required" toBeTranslated="true"/>
		<node name="noAccountInformation" value="Cannot load account state" toBeTranslated="true"/>
		<node name="unsufficientFunds" value="This purchase costs %0 and you have only %1" toBeTranslated="true"/>
		<node name="zeroFunds" value="This purchase costs %0" toBeTranslated="true"/>
	</node>
	<node name="bookInfo">
		<node name="bookInfo" value="Thông tin sách"/>
		<node name="fileInfo" value="Thông tin tập tin"/>
		<node name="description" value="Miêu tả"/>
		<node name="noDescription" value="Không có miêu tả nào."/>
		<node name="annotation" value="Chú giải"/>
		<node name="title" value="Tiêu đề:"/>
		<node name="authors" value="Tác giả:"/>
		<node name="series" value="Bộ sách:"/>
		<node name="indexInSeries" value="Chỉ mục trong bộ:"/>
		<node name="tags" value="Từ khóa:"/>
		<node name="language" value="Ngôn ngữ:"/>
		<node name="name" value="Tên:"/>
		<node name="type" value="Loại:"/>
		<node name="size" value="Cỡ:"/>
		<node name="time" value="Lần sửa cuối:"/>
		<node name="sizeInBytes" value="%s byte(s)"/>
		<node name="sizeInKiloBytes" value="%s kB"/>
		<node name="catalog" value="Catalog:" toBeTranslated="true"/>
		<node name="extraLinks" value="Related links" toBeTranslated="true"/>
		<node name="menu">
			<node name="edit" value="Sửa"/>
		</node>
	</node>
	<node name="bookDownloader">
		<node name="tickerSuccess" value="Sách đã được tải về"/>
		<node name="tickerError" value="Lỗi tải sách về"/>
		<node name="contentSuccess" value="Tải về hoàn tất"/>
		<node name="contentError" value="Tải về thất bại"/>
		<node name="downloadingStarted" value="Việc tải sách đang bắt đầu"/>
		<node name="alreadyDownloading" value="Sách đang được tải về"/>
		<node name="cannotCreateDirectory" value="Unable to create directory %s" toBeTranslated="true"/>
		<node name="cannotCreateFile" value="Unable to create file %s" toBeTranslated="true"/>
	</node>
	<node name="tocView">
		<node name="expandTree" value="Mở rộng cây"/>
		<node name="collapseTree" value="Thu hẹp cây"/>
		<node name="readText" value="Đọc sách"/>
	</node>
	<node name="bookmarksView">
		<node name="thisBook" value="Quyển này"/>
		<node name="allBooks" value="Tất cả sách"/>
		<node name="found" value="Tìm thấy"/>
		<node name="new" value="Đánh dấu mới"/>
		<node name="open" value="Mở"/>
		<node name="edit" value="Sửa đánh dấu"/>
		<node name="delete" value="Xoa đánh dấu"/>
		<node name="menu">
			<node name="search" value="Tìm"/>
		</node>
	</node>
	<node name="cancelMenu">
		<node name="library" value="Open library" toBeTranslated="true"/>
		<node name="networkLibrary" value="Open network library" toBeTranslated="true"/>
		<node name="previousBook" value="Open previous book" toBeTranslated="true"/>
		<node name="returnTo" value="Return to …" toBeTranslated="true"/>
		<node name="back" value="Back" toBeTranslated="true"/>
		<node name="forward" value="Forward" toBeTranslated="true"/>
		<node name="close" value="Close FBReader" toBeTranslated="true"/>
	</node>
	<node name="style" value="Style %s" toBeTranslated="true"/>
	<node name="highlightingStyleMenu">
		<node name="editStyle" value="Edit style…" toBeTranslated="true"/>
		<node name="deleteBookmark" value="Xoa đánh dấu"/>
	</node>
	<node name="editStyle">
		<node name="name" value="Style name" toBeTranslated="true"/>
		<node name="invisible" value="Invisible" toBeTranslated="true">
			<node name="summaryOn" value="Do not highlight bookmarks" toBeTranslated="true"/>
			<node name="summaryOff" value="Highlight bookmarks" toBeTranslated="true"/>
		</node>
		<node name="bgColor" value="Background color" toBeTranslated="true"/>
	</node>
	<node name="selection" value="Lựa chọn">
		<node name="copyToClipboard" value="Chép vào Clipboard"/>
		<node name="openInDictionary" value="Mở trong Từ điển"/>
		<node name="quoteFrom" value="Quote from %s" toBeTranslated="true"/>
		<node name="textInBuffer" value="Copied to the clipboard:&#10;%s" toBeTranslated="true"/>
		<node name="bookmarkCreated" value="Bookmark created:&#10;%s" toBeTranslated="true"/>
		<node name="clearSelection" value="Xóa"/>
	</node>
	<node name="sharing">
		<node name="sharedFrom" value="Shared from &lt;a href=&quot;http://www.fbreader.org/&quot;&gt;FBReader&lt;/a&gt;" toBeTranslated="true"/>
	</node>
	<node name="menu">
		<node name="preferences" value="Cài đặt"/>
		<node name="bookInfo" value="Thông tin sách"/>
		<node name="library" value="Thư viện"/>
		<node name="toc" value="ML"/>
		<node name="day" value="Ngày"/>
		<node name="night" value="Đêm"/>
		<node name="networkLibrary" value="Thư viện mạng"/>
		<node name="navigate" value="Định hướng">
			<node name="toc" value="Mục Lục"/>
			<node name="gotoHome" value="Đến đầu Tài liệu"/>
			<node name="gotoPageNumber" value="Đến trang…"/>
			<node name="gotoSectionStart" value="Đến Đầu Chương"/>
			<node name="gotoSectionEnd" value="Đến Cuối Chương"/>
			<node name="nextTOCSection" value="Đến Phần tiếp của ML"/>
			<node name="previousTOCSection" value="Đến Phần trước của ML"/>
			<node name="undo" value="Quay Lại"/>
			<node name="redo" value="Đi Tiếp"/>
		</node>
		<node name="shareBook" value="Share book" toBeTranslated="true"/>
		<node name="search" value="Tìm"/>
		<node name="rotate" value="Quay màn hình"/>
		<node name="screenOrientation" value="Screen orientation" toBeTranslated="true"/>
		<node name="screenOrientationSystem" value="System" toBeTranslated="true"/>
		<node name="screenOrientationSensor" value="Device orientation sensitive" toBeTranslated="true"/>
		<node name="screenOrientationPortrait" value="Portrait" toBeTranslated="true"/>
		<node name="screenOrientationLandscape" value="Landscape" toBeTranslated="true"/>
		<node name="screenOrientationReversePortrait" value="Reverse portrait" toBeTranslated="true"/>
		<node name="screenOrientationReverseLandscape" value="Reverse landscape" toBeTranslated="true"/>
		<node name="increaseFont" value="Phóng to"/>
		<node name="decreaseFont" value="Thu nhỏ"/>
		<node name="toggleFullscreen" value="Toàn Màn hình "/>
		<node name="bookmarks" value="Đánh dấu"/>
	</node>
	<node name="BookInfo">
		<node name="fileName" value="Tên tập tin"/>
		<node name="title" value="Tiêu đề"/>
		<node name="language" value="Ngôn ngữ"/>
		<node name="encoding" value="Mã hóa"/>
		<node name="authors" value="Tác giả"/>
		<node name="tags" value="Từ khóa"/>
		<node name="series" value="Bộ sách"/>
	</node>
	<node name="Preferences">
		<node name="directories" value="Thư mục">
			<node name="summary" value="Các thư mục để tìm kiếm tập tin"/>
			<node name="books" value="Thư mục sách"/>
			<node name="fonts" value="Thư mục phông"/>
			<node name="wallpapers" value="Wallpapers directory" toBeTranslated="true"/>
		</node>
		<node name="appearance" value="Giao diện">
			<node name="summary" value="Xoay, thanh trạng thái"/>
			<node name="language" value="Interface language" toBeTranslated="true"/>
			<node name="screenOrientation" value="Screen orientation" toBeTranslated="true">
				<node name="system" value="System" toBeTranslated="true"/>
				<node name="sensor" value="Device orientation sensitive" toBeTranslated="true"/>
				<node name="portrait" value="Portrait" toBeTranslated="true"/>
				<node name="landscape" value="Landscape" toBeTranslated="true"/>
				<node name="reversePortrait" value="Reverse portrait" toBeTranslated="true"/>
				<node name="reverseLandscape" value="Reverse landscape" toBeTranslated="true"/>
			</node>
			<node name="autoOrientation" value="Tự xoay">
				<node name="summaryOn" value="Màn hình sẽ xoay khi bạn quay thiết bị"/>
				<node name="summaryOff" value="Màn hình sẽ không xoay khi bạn quay thiết bị"/>
			</node>
			<node name="showStatusBar" value="Hiện thanh trạng thái">
				<node name="summaryOn" value="Hiện thanh trạng thái khi đọc"/>
				<node name="summaryOff" value=" Ẩn thanh trạng thía khi đọc"/>
			</node>
			<node name="showActionBar" value="Show action bar" toBeTranslated="true">
				<node name="summaryOn" value="Show action bar in reading mode" toBeTranslated="true"/>
				<node name="summaryOff" value="Hide action bar in reading mode" toBeTranslated="true"/>
			</node>
			<node name="showStatusBarWhenMenuIsActive" value="Show status bar when menu is active" toBeTranslated="true">
				<node name="summaryOn" value="Show status bar when menu becomes active" toBeTranslated="true"/>
				<node name="summaryOff" value="Don't show status bar when menu becomes active" toBeTranslated="true"/>
			</node>
			<node name="disableButtonLights" value="Disable hardware buttons light during reading" toBeTranslated="true">
				<node name="summaryOn" value="Disable button lights (that does not for some devices)" toBeTranslated="true"/>
				<node name="summaryOff" value="Don't try to disable button lights" toBeTranslated="true"/>
			</node>
			<node name="twoColumnView" value="Two column view" toBeTranslated="true">
				<node name="summaryOn" value="Display text in two columns when device is held horizontally" toBeTranslated="true"/>
				<node name="summaryOff" value="Always display text in one column" toBeTranslated="true"/>
			</node>
			<node name="allowScreenBrightnessAdjustment" value="Điều chỉnh độ sáng màn hình">
				<node name="summaryOn" value="Bằng việc rê ngón tay lên/xuống dọc cạnh trái màn hình"/>
				<node name="summaryOff" value="Tắt"/>
			</node>
			<node name="dontTurnScreenOff" value="Không cho màn hình tắt">
				<node name="0" value="Luôn luôn"/>
				<node name="25" value="Khi thời lượng pin lớn hơn 25%%"/>
				<node name="50" value="Khi thời lượng pin lớn hơn 50%%"/>
				<node name="100" value="Không bao giờ"/>
			</node>
			<node name="dontTurnScreenOffDuringCharging" value="Ngăn màn hình tắt trong khi sạc">
				<node name="summaryOn" value="Ngăn màn hình tắt nếu máy đang sạc"/>
				<node name="summaryOff" value="Tắt màn hình ngay cả khi máy đang sạc"/>
			</node>
		</node>
		<node name="text" value="Văn bản">
			<node name="summary" value="Phông, tách chữ, v..v."/>
			<node name="fontProperties" value="Font properties" toBeTranslated="true">
				<node name="summary" value="Font smoothing options" toBeTranslated="true"/>
				<node name="antiAlias" value="Antialiasing" toBeTranslated="true">
					<node name="summaryOn" value="Antialiasing is enabled" toBeTranslated="true"/>
					<node name="summaryOff" value="Antialiasing is disabled" toBeTranslated="true"/>
				</node>
				<node name="deviceKerning" value="Device kerning" toBeTranslated="true">
					<node name="summaryOn" value="Device kerning is enabled" toBeTranslated="true"/>
					<node name="summaryOff" value="Device kerning is disabled" toBeTranslated="true"/>
				</node>
				<node name="dithering" value="Dithering" toBeTranslated="true">
					<node name="summaryOn" value="Color dithering is enabled" toBeTranslated="true"/>
					<node name="summaryOff" value="Color dithering is disabled" toBeTranslated="true"/>
				</node>
				<node name="hinting" value="Hinting" toBeTranslated="true">
					<node name="summaryOn" value="Font hinting is enabled" toBeTranslated="true"/>
					<node name="summaryOff" value="Font hinting is disabled" toBeTranslated="true"/>
				</node>
				<node name="subpixel" value="Subpixel smoothing" toBeTranslated="true">
					<node name="summaryOn" value="Subpixel smoothing is enabled" toBeTranslated="true"/>
					<node name="summaryOff" value="Subpixel smoothing is disabled" toBeTranslated="true"/>
				</node>
			</node>
			<node name="font" value="Họ phông">
				<node name="unchanged" value="&lt;giữ nguyên&gt;"/>
			</node>
			<node name="fontSize" value="Cỡ phông"/>
			<node name="fontSizeDifference" value="Cỡ chữ Khác nhau"/>
			<node name="fontStyle" value="Kiểu phông">
				<node name="regular" value="Thường"/>
				<node name="bold" value="Đậm"/>
				<node name="italic" value="Nghiêng"/>
				<node name="boldItalic" value="Đậm nghiêng"/>
			</node>
			<node name="bold" value="Đậm">
				<node name="summaryOn" value="đậm"/>
				<node name="summaryOff" value="thường"/>
				<node name="unchanged" value="&lt;giữ nguyên&gt;"/>
			</node>
			<node name="italic" value="Nghiêng">
				<node name="summaryOn" value="nghiêng"/>
				<node name="summaryOff" value="thường"/>
				<node name="unchanged" value="&lt;giữ nguyên&gt;"/>
			</node>
			<node name="underlined" value="Underlined" toBeTranslated="true">
				<node name="summaryOn" value="underlined" toBeTranslated="true"/>
				<node name="summaryOff" value="regular" toBeTranslated="true"/>
				<node name="unchanged" value="&lt;giữ nguyên&gt;"/>
			</node>
			<node name="strikedThrough" value="Striked through" toBeTranslated="true">
				<node name="summaryOn" value="striked through" toBeTranslated="true"/>
				<node name="summaryOff" value="regular" toBeTranslated="true"/>
				<node name="unchanged" value="&lt;giữ nguyên&gt;"/>
			</node>
			<node name="lineSpacing" value="Cách dòng">
				<node name="unchanged" value="&lt;giữ nguyên&gt;"/>
			</node>
			<node name="alignment" value="Thẳng hàng">
				<node name="left" value="Trái"/>
				<node name="right" value="Phải"/>
				<node name="center" value="Giữa"/>
				<node name="justify" value="Căn chỉnh"/>
				<node name="unchanged" value="&lt;giữ nguyên&gt;"/>
			</node>
			<node name="autoHyphenations" value="Tự động Tách từ">
				<node name="summaryOn" value="Tách từ một cách tự động"/>
				<node name="summaryOff" value="Không tách từ một cách tự động"/>
			</node>
			<node name="allowHyphenations" value="Cho phép Tách từ">
				<node name="summaryOn" value="tách từ"/>
				<node name="summaryOff" value="không tách từ"/>
				<node name="unchanged" value="&lt;giữ nguyên&gt;"/>
			</node>
			<node name="firstLineIndent" value="Lùi Dòng Đầu"/>
			<node name="spaceBefore" value="Khoảng trống trước"/>
			<node name="spaceAfter" value="Khoảng trống sau"/>
			<node name="leftIndent" value="Lùi Trái"/>
			<node name="rightIndent" value="Lùi Phải"/>
			<node name="more" value="Thêm kiểu">
				<node name="summary" value="Các thiết lập riêng cho tiêu đề, đề từ,v..v."/>
				<node name="Regular Paragraph" value="Đoạn văn Thường">
					<node name="summary" value=""/>
				</node>
				<node name="Title" value="Tiêu đề">
					<node name="summary" value=""/>
				</node>
				<node name="Section Title" value="Tiêu đề Đoạn">
					<node name="summary" value=""/>
				</node>
				<node name="Poem Title" value="Tiêu đề Thơ">
					<node name="summary" value=""/>
				</node>
				<node name="Subtitle" value="Chú thích">
					<node name="summary" value=""/>
				</node>
				<node name="Annotation" value="Chú giải">
					<node name="summary" value=""/>
				</node>
				<node name="Epigraph" value="Đề từ">
					<node name="summary" value=""/>
				</node>
				<node name="Stanza" value="Khổ thơ">
					<node name="summary" value=""/>
				</node>
				<node name="Verse" value="Câu thơ">
					<node name="summary" value=""/>
				</node>
				<node name="Preformatted text" value="Văn bản định dạng">
					<node name="summary" value=""/>
				</node>
				<node name="Image" value="Ảnh">
					<node name="summary" value=""/>
				</node>
				<node name="Cite" value="Trích dẫn">
					<node name="summary" value=""/>
				</node>
				<node name="Author" value="Tác giả">
					<node name="summary" value=""/>
				</node>
				<node name="Date" value="Ngày tháng">
					<node name="summary" value=""/>
				</node>
				<node name="Internal Hyperlink" value="Siêu liên kết trong">
					<node name="summary" value=""/>
				</node>
				<node name="Footnote" value="Chú thích cuối trang">
					<node name="summary" value=""/>
				</node>
				<node name="Emphasis" value="Nhấn mạnh">
					<node name="summary" value=""/>
				</node>
				<node name="Strong" value="Mạnh">
					<node name="summary" value=""/>
				</node>
				<node name="Subscript" value="Chữ,số dưới">
					<node name="summary" value=""/>
				</node>
				<node name="Superscript" value="Chữ,số trên">
					<node name="summary" value=""/>
				</node>
				<node name="Code" value="Mã">
					<node name="summary" value=""/>
				</node>
				<node name="StrikeThrough" value="StrikeThrough">
					<node name="summary" value=""/>
				</node>
				<node name="Italic" value="Nghiêng">
					<node name="summary" value=""/>
				</node>
				<node name="Bold" value="Đậm">
					<node name="summary" value=""/>
				</node>
				<node name="Definition" value="Định nghĩa">
					<node name="summary" value=""/>
				</node>
				<node name="Definition Description" value="Mô tả Định nghĩa">
					<node name="summary" value=""/>
				</node>
				<node name="Header 1" value="Đầu trang 1">
					<node name="summary" value=""/>
				</node>
				<node name="Header 2" value="Đầu trang 2">
					<node name="summary" value=""/>
				</node>
				<node name="Header 3" value="Đầu trang 3">
					<node name="summary" value=""/>
				</node>
				<node name="Header 4" value="Đầu trang 4">
					<node name="summary" value=""/>
				</node>
				<node name="Header 5" value="Đầu trang 5">
					<node name="summary" value=""/>
				</node>
				<node name="Header 6" value="Đầu trang 6">
					<node name="summary" value=""/>
				</node>
				<node name="External Hyperlink" value="Siêu liên kết ngoài">
					<node name="summary" value=""/>
				</node>
			</node>
		</node>
		<node name="css" value="CSS" toBeTranslated="true">
			<node name="summary" value="Apply/ignore values defined in CSS" toBeTranslated="true"/>
			<node name="fontSize" value="Font size" toBeTranslated="true">
				<node name="summaryOn" value="Apply font size defined in CSS" toBeTranslated="true"/>
				<node name="summaryOff" value="Ignore font size defined in CSS" toBeTranslated="true"/>
			</node>
			<node name="textAlignment" value="Text alignment" toBeTranslated="true">
				<node name="summaryOn" value="Apply text alignment defined in CSS" toBeTranslated="true"/>
				<node name="summaryOff" value="Ignore text alignment defined in CSS" toBeTranslated="true"/>
			</node>
		</node>
		<node name="colors" value="Colors &amp; wallpapers" toBeTranslated="true">
			<node name="summary" value="Color settings"/>
			<node name="background" value="Nền">
				<node name="solidColor" value="Solid color" toBeTranslated="true"/>
				<node name="leather" value="Leather" toBeTranslated="true"/>
				<node name="sepia" value="Sepia" toBeTranslated="true"/>
				<node name="wood" value="Wood" toBeTranslated="true"/>
			</node>
			<node name="backgroundColor" value="Background color" toBeTranslated="true"/>
			<node name="selectionBackground" value="Nền Phần chọn"/>
			<node name="selectionForeground" value="Selected text" toBeTranslated="true"/>
			<node name="text" value="Văn bản Thường"/>
			<node name="hyperlink" value="Siêu liên kết"/>
			<node name="hyperlinkVisited" value="Visited hyperlink text" toBeTranslated="true"/>
			<node name="highlighting" value="Kết quả Tìm kiếm"/>
			<node name="footer" value="Footer"/>
		</node>
		<node name="margins" value="Canh lề">
			<node name="summary" value="Text margins"/>
			<node name="left" value="Lề Trái"/>
			<node name="right" value="Lề Phải"/>
			<node name="top" value="Lề Trên"/>
			<node name="bottom" value="Lề Dưới"/>
			<node name="spaceBetweenColumns" value="Space between columns" toBeTranslated="true"/>
		</node>
		<node name="scrollBar" value="Thanh cuộn">
			<node name="summary" value="Thiết lập thanh cuộn &amp; cuối trang"/>
			<node name="scrollbarType" value="Loại thanh cuộn">
				<node name="hide" value="Dấu"/>
				<node name="show" value="Thanh trượt dọc"/>
				<node name="showAsProgress" value="Thanh quá trình dọc"/>
				<node name="showAsFooter" value="Dòng cuois trang ngang"/>
			</node>
			<node name="footerHeight" value="Chiều cao của cuối trang"/>
			<node name="footerColor" value="Màu sắc cuối trang"/>
			<node name="tocMarks" value="Hiện đánh dấu mục lục">
				<node name="summaryOn" value="Hiện đánh dấu mục lục ở thanh cuối trang"/>
				<node name="summaryOff" value="Không Hiện đánh dấu mục lục ở thanh cuối trang"/>
			</node>
			<node name="showProgress" value="Hiện số trang">
				<node name="summaryOn" value="Hiện số trang ở dòng cuối"/>
				<node name="summaryOff" value="Đừng hiện số trang ở dòng cuối"/>
			</node>
			<node name="showBattery" value="Hiện thời lượng pin">
				<node name="summaryOn" value="Hiện thời lượng pin ở dòng cuối"/>
				<node name="summaryOff" value="Đừng hiện thời lượng pin ở dòng cuối"/>
			</node>
			<node name="showClock" value="Hiện đồng hồ">
				<node name="summaryOn" value="Hiện đồng hồ ở dòng cuối"/>
				<node name="summaryOff" value="Đừng hiện đồng hồ ở dòng cuối"/>
			</node>
			<node name="font" value="Họ phông"/>
		</node>
		<node name="scrolling" value="Cuộn">
			<node name="summary" value="Cách để cuộn văn bản"/>
			<node name="fingerScrolling" value="Cuôn màn hình cảm ứng">
				<node name="byTap" value="Cuộn trang bằng cách chạm nhẹ"/>
				<node name="byFlick" value="Cuộn trang bằng cách búng nhẹ"/>
				<node name="byTapAndFlick" value="Cuộn trang bằng cả búng và chạm nhẹ"/>
			</node>
			<node name="enableDoubleTapDetection" value="Double tap detection" toBeTranslated="true">
				<node name="summaryOn" value="Double tap to run navigation dialog/menu" toBeTranslated="true"/>
				<node name="summaryOff" value="Ignore double taps" toBeTranslated="true"/>
			</node>
			<node name="volumeKeys" value="Cuộn bằng phím âm lượng">
				<node name="summaryOn" value="Dùng phím âm lượng để cuộn"/>
				<node name="summaryOff" value="Giữ phím âm lượng cho âm thanh"/>
			</node>
			<node name="invertVolumeKeys" value="Đảo ngược cuộn bằng phím âm lượng">
				<node name="summaryOn" value="Ấn lên (xuống) phím để cuộn trang xuống (lên)"/>
				<node name="summaryOff" value="Ấn xuống (lên) phím để cuộn trang lên (xuống)"/>
			</node>
			<node name="animation" value="Animation" toBeTranslated="true">
				<node name="none" value="Scroll with no animation" toBeTranslated="true"/>
				<node name="curl" value="Curl animation" toBeTranslated="true"/>
				<node name="slide" value="Slide animation" toBeTranslated="true"/>
				<node name="shift" value="Shift animation" toBeTranslated="true"/>
			</node>
			<node name="animationSpeed" value="Animation speed" toBeTranslated="true">
				<node name="fast" value="fast" toBeTranslated="true"/>
				<node name="slow" value="slow" toBeTranslated="true"/>
			</node>
			<node name="horizontal" value="Cuộn ngang">
				<node name="summaryOn" value="Cuộn trang theo chiều ngang"/>
				<node name="summaryOff" value="Cuộn trang theo chiều dọc"/>
			</node>
		</node>
		<node name="tapZones" value="Tap zones" toBeTranslated="true">
			<node name="summary" value="Actions on finger tap" toBeTranslated="true"/>
			<node name="tapZonesScheme" value="Tap zones scheme" toBeTranslated="true">
				<node name="left_to_right" value="Left to right page scrolling" toBeTranslated="true"/>
				<node name="right_to_left" value="Right to left page scrolling" toBeTranslated="true"/>
				<node name="up" value="Down to up page scrolling" toBeTranslated="true"/>
				<node name="down" value="Up to down page scrolling" toBeTranslated="true"/>
				<node name="custom" value="Custom…" toBeTranslated="true"/>
			</node>
		</node>
		<node name="dictionary" value="Từ điển">
			<node name="summary" value="Cài đặt từ điển"/>
			<node name="dictionary" value="Từ điển"/>
			<node name="translator" value="Translator" toBeTranslated="true"/>
			<node name="tappingAction" value="Nhấn giữ">
				<node name="doNothing" value="Không làm gì khi nhấn giữ"/>
				<node name="selectSingleWord" value="Chọn từ khi nhấn giữ"/>
				<node name="startSelecting" value="Long tapping initiates selecting" toBeTranslated="true"/>
				<node name="openDictionary" value="Chọn từ và mở từ điển khi nhấn giữ"/>
			</node>
			<node name="navigateOverAllWords" value="Điều hướng mọi từ">
				<node name="summaryOn" value="Phím điều hướng tác động lên mọi từ"/>
				<node name="summaryOff" value="Phím điều hướng chỉ tác động lên siêu liên kết"/>
			</node>
		</node>
		<node name="images" value="Images" toBeTranslated="true">
			<node name="summary" value="Image displaying options" toBeTranslated="true"/>
			<node name="backgroundColor" value="Background color for image view" toBeTranslated="true"/>
			<node name="tappingAction" value="Long tapping action" toBeTranslated="true">
				<node name="doNothing" value="Long tapping does nothing" toBeTranslated="true"/>
				<node name="selectImage" value="Long tapping selects the image" toBeTranslated="true"/>
				<node name="openImageView" value="Long tapping opens image view" toBeTranslated="true"/>
			</node>
			<node name="fitImagesToScreen" value="Fit images to screen" toBeTranslated="true">
				<node name="none" value="None" toBeTranslated="true"/>
				<node name="covers" value="Covers only" toBeTranslated="true"/>
				<node name="all" value="All" toBeTranslated="true"/>
			</node>
		</node>
		<node name="cancelMenu" value="Cancel menu" toBeTranslated="true">
			<node name="summary" value="Back button action list" toBeTranslated="true"/>
			<node name="library" value="Library" toBeTranslated="true">
				<node name="summaryOn" value="Show 'open library' item" toBeTranslated="true"/>
				<node name="summaryOff" value="Don't show 'open library' item" toBeTranslated="true"/>
			</node>
			<node name="networkLibrary" value="Network library" toBeTranslated="true">
				<node name="summaryOn" value="Show 'open network library' item" toBeTranslated="true"/>
				<node name="summaryOff" value="Don't show 'open network library' item" toBeTranslated="true"/>
			</node>
			<node name="previousBook" value="Previous book" toBeTranslated="true">
				<node name="summaryOn" value="Show 'return to previous book' item" toBeTranslated="true"/>
				<node name="summaryOff" value="Don't show 'return to previous book' item" toBeTranslated="true"/>
			</node>
			<node name="positions" value="Last 3 positions" toBeTranslated="true">
				<node name="summaryOn" value="Show items for last 3 positions in the book" toBeTranslated="true"/>
				<node name="summaryOff" value="Don't show items for last 3 positions in the book" toBeTranslated="true"/>
			</node>
			<node name="backKeyAction" value="Back key action" toBeTranslated="true">
				<node name="exit" value="Close FBReader" toBeTranslated="true"/>
				<node name="goBack" value="Navigate back" toBeTranslated="true"/>
				<node name="cancelMenu" value="Show cancel menu" toBeTranslated="true"/>
			</node>
			<node name="backKeyLongPressAction" value="Back key long press action" toBeTranslated="true">
				<node name="exit" value="Close FBReader" toBeTranslated="true"/>
				<node name="goBack" value="Navigate back" toBeTranslated="true"/>
				<node name="cancelMenu" value="Show cancel menu" toBeTranslated="true"/>
				<node name="none" value="No action" toBeTranslated="true"/>
			</node>
		</node>
		<node name="tips" value="Tips" toBeTranslated="true">
			<node name="summary" value="Daily tips settings" toBeTranslated="true"/>
			<node name="showTips" value="Show tips" toBeTranslated="true">
				<node name="summaryOn" value="Show daily tips" toBeTranslated="true"/>
				<node name="summaryOff" value="Do not show" toBeTranslated="true"/>
			</node>
		</node>
		<node name="about" value="About FBReader" toBeTranslated="true">
			<node name="summary" value="Version info, contacts" toBeTranslated="true"/>
			<node name="version" value="Version" toBeTranslated="true"/>
			<node name="site" value="Visit our website" toBeTranslated="true">
				<node name="url" value="http://www.fbreader.org/"/>
			</node>
			<node name="email" value="Send us an e-mail" toBeTranslated="true">
				<node name="url" value="mailto:contact@geometerplus.com" toBeTranslated="true"/>
			</node>
			<node name="twitter" value="Follow us at twitter" toBeTranslated="true">
				<node name="url" value="http://twitter.com/fbreader"/>
			</node>
		</node>
	</node>
	<node name="dialog">
		<node name="button">
			<node name="install" value="Cài đặt"/>
			<node name="update" value="Cập nhật"/>
			<node name="skip" value="Bỏ qua"/>
			<node name="buy" value="Mua"/>
			<node name="buyAndDownload" value="Mua và Tải về"/>
			<node name="continue" value="Tiếp tục"/>
			<node name="editUrl" value="Sửa URL"/>
			<node name="tryAgain" value="Thử lại"/>
			<node name="openBook" value="Đọc"/>
			<node name="editInfo" value="Sửa"/>
			<node name="reloadInfo" value="Tải lại"/>
			<node name="shareBook" value="Share" toBeTranslated="true"/>
			<node name="topup" value="Tái đầy tài khoản "/>
			<node name="pay" value="Pay" toBeTranslated="true"/>
			<node name="refresh" value="Refresh" toBeTranslated="true"/>
			<node name="authorize" value="Authorize" toBeTranslated="true"/>
			<node name="resetPosition" value="Reset position" toBeTranslated="true"/>
			<node name="sendReport" value="Send report" toBeTranslated="true"/>
			<node name="addToFavorites" value="Thêm vào yêu thích"/>
			<node name="removeFromFavorites" value="Xóa khỏi yêu thích"/>
			<node name="markAsRead" value="Mark as read" toBeTranslated="true"/>
			<node name="markAsUnread" value="Mark as unread" toBeTranslated="true"/>
		</node>
		<node name="plugin">
			<node name="installTitle" value="Cài phần bổ trợ"/>
			<node name="updateTitle" value="Cập nhật phần bổ trợ"/>
			<node name="dontAskAgain" value="Đừng hỏi lại"/>
		</node>
		<node name="installDictionary">
			<node name="title" value="Cài từ điển"/>
			<node name="message" value="Bạn có muốn cài %s?"/>
		</node>
		<node name="deleteBookBox">
			<node name="message" value="Sách sẽ bị xóa và không thể hoàn tác. Bạn chắc chứ?"/>
		</node>
		<node name="redownloadFileBox">
			<node name="message" value="Tập tin đã tồn tại. Tải lại?"/>
		</node>
		<node name="waitMessage">
			<node name="downloadingFile" value="Đang tải sách về %s"/>
			<node name="search" value="Đang tìm. Xin chờ…"/>
			<node name="loadInfo" value="Loading information. Please, wait…" toBeTranslated="true"/>
			<node name="loadingBook" value="Đang mở sách. Xin chờ…"/>
			<node name="loadingBookList" value="Đang mở thư viện. Xin chờ…"/>
			<node name="creatingBooksDatabase" value="Đang tạo kho sách. Xin chờ…"/>
			<node name="updatingBooksDatabase" value="Đang cập nhật kho sách. Xin chờ…"/>
			<node name="loadingNetworkLibrary" value="Đang mở thư viện. Xin chờ…"/>
			<node name="authentication" value="Xác thực. Xin chờ…"/>
			<node name="signOut" value="Đang thoát. Xin chờ…"/>
			<node name="purchaseBook" value="Mua sách. Xin chờ…"/>
			<node name="loadingCatalogInfo" value="Loading catalog information. Please, wait…"/>
			<node name="loadingNetworkBookInfo" value="Loading book information. Please, wait…" toBeTranslated="true"/>
			<node name="updatingCatalogsList" value="Updating catalogs list. Please, wait…"/>
			<node name="updatingAccountInformation" value="Updating account information. Please, wait…" toBeTranslated="true"/>
		</node>
		<node name="networkError">
			<node name="internalError" value="Lỗi mạng nội bộ "/>
			<node name="purchaseNotEnoughMoney" value="Thiếu tiền :)"/>
			<node name="purchaseMissingBook" value="Mất sách"/>
			<node name="purchaseAlreadyPurchased" value="Đã mua"/>
			<node name="bookNotPurchased" value="Sách chưa được mua"/>
			<node name="downloadLimitExceeded" value="Quá giói hạn tải về"/>
			<node name="noUserEmail" value="Không người nào đang ký&#10;với địa chỉ email xác định"/>
			<node name="unsupportedOperation" value="Thao tác không được hỗ trợ"/>
			<node name="notAnOPDS" value="Đây không phải là một catalo OPDS"/>
			<node name="noRequiredInformation" value="Thông tin yêu cầu không định vị được trong catalo"/>
			<node name="cacheDirectoryError" value="Không thể tạo thư mục đệm"/>
		</node>
		<node name="AuthenticationDialog">
			<node name="title" value="Xác thực"/>
			<node name="unencryptedWarning" value="Your password will be sent unencrypted" toBeTranslated="true"/>
			<node name="login" value="Người dùng"/>
			<node name="password" value="Mật khẩu"/>
			<node name="loginIsEmpty" value="Tên người dùng không được rỗng"/>
			<node name="register" value="Đăng ký"/>
		</node>
		<node name="CustomCatalogDialog">
			<node name="title" value="FBReader: add custom catalog" toBeTranslated="true"/>
			<node name="catalogTitle" value="Tiêu đề"/>
			<node name="catalogUrl" value="URL"/>
			<node name="catalogSummary" value="Tóm tắt"/>
			<node name="catalogTitleExample" value="E.g.: Project Gutenberg catalog"/>
			<node name="catalogUrlExample" value="E.g.: http://m.gutenberg.org/"/>
			<node name="catalogSummaryExample" value="E.g.: Public domain books"/>
			<node name="titleIsEmpty" value="Tiêu đề không nên để trống"/>
			<node name="urlIsEmpty" value="URL không nên để trống"/>
			<node name="invalidUrl" value="URL sai"/>
			<node name="titleAlreadyExists" value="Tiêu đề đã được dùng"/>
			<node name="siteAlreadyExists" value="Trang đã được dùng"/>
		</node>
		<node name="languageFilterDialog">
			<node name="title" value="Bộ lọc ngôn ngữ"/>
		</node>
		<node name="tips">
			<node name="title" value="Tip of the day" toBeTranslated="true"/>
			<node name="initializationText" value="Would you like to read FBReader daily tips? New tips would be downloaded from FBReader site. Expected network traffic is 1-2 kilobytes per week.&#10;&#10;Enable tips?" toBeTranslated="true"/>
			<node name="dontShowAgain" value="Don't show again" toBeTranslated="true"/>
			<node name="more" value="Next tip" toBeTranslated="true"/>
		</node>
	</node>
	<node name="errorMessage">
		<node name="cannotRunAndroidMarket" value="Không thể truy cập Android Market. Vui lòng cài %s bằng tay"/>
		<node name="textNotFound" value="Xin lỗi, không có từ thích hợp"/>
		<node name="bookNotFound" value="Xin lỗi, không có quyển nào thích hợp trong thư viện"/>
		<node name="bookmarkNotFound" value="Xin lỗi, không có đánh dấu thích hợp"/>
		<node name="cannotOpenBook" value="Xin lỗi, không thể mở sách vào lúc này"/>
		<node name="dictionaryIsNotInstalled" value="Xin lỗi, từ điển chưa được cài"/>
		<node name="permissionDenied" value="Xin lỗi, từ chối cho phép "/>
		<node name="noFavorites" value="Xin lỗi, danh sách yêu thích của bạn đang trống"/>
		<node name="noSeries" value="There are no books in series, sorry" toBeTranslated="true"/>
		<node name="emptyCatalog" value="Danh mục rỗng"/>
		<node name="emptyBasket" value="Your basket is empty, sorry" toBeTranslated="true"/>
		<node name="emptyNetworkSearchResults" value="No books found, sorry" toBeTranslated="true"/>
	</node>
	<node name="external">
		<node name="browser" value="Trình duyệt"/>
		<node name="defaultBrowser" value="Trình duyệt mặc định"/>
	</node>
	<node name="mobipocketPlugin">
		<node name="unknown" value="Lỗi chưa biết"/>
		<node name="unsupportedCompressionMethod" value="Không thể mở cách thức nén này"/>
		<node name="encryptedFile" value="Tập tin được bảo vệ DRM"/>
	</node>
	<node name="crash">
		<node name="fixBooksDirectory">
			<node name="title" value="FBReader issue" toBeTranslated="true"/>
			<node name="text" value="FBReader cache directory is not accessible for writing. May be you forget to insert or unmount your memory card. Please fix this problem or enter another directory name below." toBeTranslated="true"/>
		</node>
		<node name="missingNativeLibrary">
			<node name="title" value="FBReader issue" toBeTranslated="true"/>
			<node name="text" value="FBReader can not load native library. May be it is not properly installed. If the problem persists please try to reinstall FBReader." toBeTranslated="true"/>
		</node>
	</node>
	<node name="error">
		<node name="bookReading">
			<node name="title" value="FBReader issue" toBeTranslated="true"/>
		</node>
	</node>
	<node name="bookReadingException">
		<node name="errorReadingFile" value="Error occured during reading '%s'" toBeTranslated="true"/>
		<node name="errorReadingZip" value="Error occured during extracting '%s'" toBeTranslated="true"/>
		<node name="pluginNotFound" value="No plugin for '%s'" toBeTranslated="true"/>
		<node name="unknownPluginType" value="Unknown plugin type: %s" toBeTranslated="true"/>
		<node name="fileNotFound" value="File is not found: %s" toBeTranslated="true"/>
		<node name="opfFileNotFound" value="OPF is not found in %s" toBeTranslated="true"/>
		<node name="unsupportedFileFormat" value="File format is not supported for '%s'" toBeTranslated="true"/>
		<node name="errorParsingRtf" value="Rtf parsing error in: %s" toBeTranslated="true"/>
	</node>
</resources>
