<?xml version="1.0" encoding="UTF-8"?>
<!-- Chinese FBReaderJ resources, by http://shucang.com/ -->
<resources>
	<node name="library" value="简易阅读器-书库">
		<node name="unknownAuthor" value="佚名"/>
		<node name="booksWithNoTags" value="未归类"/>
		 <node name="loadingBook" value="书籍加载中..."/>	
		<node name="demo" value="试读本"/>
		
		<node name="byAuthor" value="作者">
			<node name="summary" value="按作者排序"/>
		</node>
		<node name="byTitle" value="按书名">
			<node name="summary" value="按书名排序"/>
		</node>
		<node name="bySeries" value="按系列">
			<node name="summary" value="按系列排序"/>
		</node>
		<node name="byTag" value="标签">
			<node name="summary" value="按标签排序"/>
		</node>
		<node name="recent" value="最近读过">
			<node name="summary" value="最近读过的书刊"/>
		</node>
		<node name="favorites" value="收藏">
			<node name="summary" value="喜欢的，收藏起来的书刊"/>
		</node>
		<node name="found" value="搜索结果">
			<node name="summary" value="搜索结果: %s"/>
		</node>
		<node name="fileTree" value="文件夹">
			<node name="summary" value="浏览各级文件夹"/>
		</node>
		<node name="fileTreeRoot" value="本地设备">
			<node name="summary" value="设备上的文件夹"/>
		</node>
		<node name="fileTreeCard" value="SD存储卡">
			<node name="summary" value="插入设备的存储卡"/>
		</node>
		<node name="fileTreeLibrary" value="简易文件夹">
			<node name="summary" value="简易阅读器存放书籍的文件夹"/>
		</node>
		<node name="menu">
			<node name="localSearch" value="本地搜索"/>
			<node name="rescan" value="重新扫描" toBeTranslated="true"/>
		</node>
		<node name="openBook" value="打开阅读"/>
		<node name="shareBook" value="分享书籍"/>
		<node name="deleteBook" value="删除本书"/>
		<node name="addToFavorites" value="收藏本书"/>
		<node name="removeFromFavorites" value="从收藏列表中移除"/>
		<node name="markAsRead" value="标记已读" toBeTranslated="true"/>
		<node name="markAsUnread" value="标记未读" toBeTranslated="true"/>
	</node>

	<node name="bookInfo">
		<node name="bookInfo" value="书籍信息"/>
		<node name="fileInfo" value="路径信息"/>	
		<node name="description" value="描述"/>
		<node name="noDescription" value="没有有效描述."/>
		<node name="annotation" value="简介"/>
		<node name="title" value="书名:"/>
		<node name="authors" value="作者:"/>
		<node name="series" value="丛书系列:"/>
		<node name="indexInSeries" value="系列序号:"/>
		<node name="tags" value="标签:"/>
		<node name="language" value="语言:"/>
		<node name="name" value="文件名:"/>
		<node name="type" value="类型:"/>
		<node name="size" value="大小:"/>
		<node name="time" value="最后更改时间:"/>
		<node name="sizeInBytes" value="%s 字节"/>
		<node name="sizeInKiloBytes" value="%s kB"/>
		<node name="catalog" value="书库:"/>
		<node name="extraLinks" value="相关链接"/>
		<node name="menu">
			<node name="edit" value="编辑"/>
		</node>
	</node>
	<node name="tocView">
		<node name="expandTree" value="展开目录"/>
		<node name="collapseTree" value="折叠目录"/>
		<node name="readText" value="阅读图书内容"/>
	</node>
	<node name="bookmarksView">
		<node name="thisBook" value="本书"/>
		<node name="allBooks" value="所有图书"/>
		<node name="found" value="搜索结果"/>
		<node name="new" value="添加书签"/>
		<node name="open" value="打开书签"/>
		<node name="edit" value="编辑书签"/>
		<node name="delete" value="删除书签"/>
		<node name="menu">
			<node name="search" value="搜索"/>
		</node>
	</node>
	<node name="cancelMenu">
		<node name="library" value="返回书库"/>
		<node name="previousBook" value="打开上一本书"/>
		<node name="returnTo" value="返回到…"/>
		<node name="back" value="后退"/>
		<node name="forward" value="前进"/>
		<node name="close" value="关闭"/>
	</node>
	<node name="style" value="样式 %s" toBeTranslated="true"/>
	<node name="highlightingStyleMenu">
		<node name="editStyle" value="编辑样式" toBeTranslated="true"/>
		<node name="deleteBookmark" value="删除书签"/>
	</node>
	<node name="editStyle">
		<node name="name" value="名称" toBeTranslated="true"/>
		<node name="invisible" value="隐藏" toBeTranslated="true">
			<node name="summaryOn" value="关闭高亮显示" toBeTranslated="true"/>
			<node name="summaryOff" value="打开高亮显示" toBeTranslated="true"/>
		</node>
		<node name="bgColor" value="背景颜色" toBeTranslated="true"/>
	</node>
	<node name="selection" value="选择">
		<node name="copyToClipboard" value="复制到剪贴板"/>
		<node name="openInDictionary" value="打开字典"/>
		<node name="quoteFrom" value="从%s中引用"/>
		<node name="textInBuffer" value="复制到剪贴板:&#10;%s"/>
		<node name="bookmarkCreated" value="创建书签:&#10;%s"/>
		<node name="clearSelection" value="清除"/>
	</node>
	<node name="sharing">
		<node name="sharedFrom" value="分享自 &lt;a href=&quot;http://www.fbreader.org/&quot;&gt;FBReader&lt;/a&gt; "/>
	</node>
	<node name="menu">
		<node name="preferences" value="阅读设置"/>
		<node name="bookInfo" value="书籍信息"/>
		<node name="library" value="本地书柜"/>
		<node name="toc" value="本书目录"/>
		<node name="day" value="白天模式"/>
		<node name="night" value="夜间模式"/>
		<node name="networkLibrary" value="在线书库"/>
		<node name="navigate" value="快速翻看">
			<node name="toc" value="内容目录"/>
			<node name="gotoHome" value="翻到图书开始"/>
			<node name="gotoPageNumber" value="翻到页码"/>
			<node name="gotoSectionStart" value="翻到章节开始"/>
			<node name="gotoSectionEnd" value="翻到章节结束"/>
			<node name="nextTOCSection" value="翻到下一章节 "/>
			<node name="previousTOCSection" value="翻到上一章节"/>
			<node name="undo" value="还原"/>
			<node name="redo" value="重做"/>
		</node>
		<node name="shareBook" value="共享书籍"/>
		<node name="search" value="内容查找"/>
		<node name="rotate" value="翻转屏幕"/>
		<node name="screenOrientation" value="屏幕方向"/>
		<node name="screenOrientationSystem" value="系统"/>
		<node name="screenOrientationSensor" value="感知设备方向"/>
		<node name="screenOrientationPortrait" value="竖直"/>
		<node name="screenOrientationLandscape" value="水平"/>
		<node name="screenOrientationReversePortrait" value="竖直反置"/>
		<node name="screenOrientationReverseLandscape" value="水平反置"/>
		<node name="increaseFont" value="字体加大"/>
		<node name="decreaseFont" value="字体缩小"/>
		<node name="toggleFullscreen" value="全屏"/>
		<node name="bookmarks" value="我的书签"/>
	</node>
	<node name="BookInfo">
		<node name="fileName" value="文件"/>
		<node name="title" value="书名"/>
		<node name="language" value="语言"/>
		<node name="encoding" value="编码"/>
		<node name="authors" value="作者"/>
		<node name="tags" value="标签"/>
		<node name="series" value="丛书系列"/>
	</node>
	<node name="Preferences">
		<node name="directories" value="文件夹设定">
			<node name="summary" value="相关文件夹位置设定"/>
			<node name="books" value="书文存放位置"/>
			<node name="fonts" value="字体存放位置"/>
			<node name="wallpapers" value="墙纸存放位置"/>
		</node>
		<node name="appearance" value="呈现方式">
			<node name="summary" value="旋转，状态工具条"/>
			<node name="language" value="Interface language" toBeTranslated="true"/>
			<node name="screenOrientation" value="屏幕方向">
				<node name="system" value="系统"/>
				<node name="sensor" value="感知设备方向"/>
				<node name="portrait" value="竖直"/>
				<node name="landscape" value="水平"/>
				<node name="reversePortrait" value="竖直反置"/>
				<node name="reverseLandscape" value="水平反置"/>
			</node>
			<node name="autoOrientation" value="自动翻转">
				<node name="summaryOn" value="晃动设备时自动翻转"/>
				<node name="summaryOff" value="晃动设备时禁止翻转"/>
			</node>
			<node name="showStatusBar" value="显示状态栏">
				<node name="summaryOn" value="阅读模式下显示状态栏"/>
				<node name="summaryOff" value="阅读模式下隐藏状态栏"/>
			</node>
			<node name="showActionBar" value="显示动作条">
				<node name="summaryOn" value="阅读模式下显示动作条"/>
				<node name="summaryOff" value="阅读模式下隐藏动作条"/>
			</node>
			<node name="showStatusBarWhenMenuIsActive" value="菜单激活时显示状态栏">
				<node name="summaryOn" value="菜单处于激活状态时显示状态栏"/>
				<node name="summaryOff" value="菜单激活时不要显示状态栏"/>
			</node>
			<node name="disableButtonLights" value="阅读时禁用系统按键发亮">
				<node name="summaryOn" value="禁用设备系统按键发亮 (对某些设备无效)"/>
				<node name="summaryOff" value="不要尝试禁用系统按键发亮"/>
			</node>
			<node name="twoColumnView" value="Two column view" toBeTranslated="true">
				<node name="summaryOn" value="Display text in two columns when device is held horizontally" toBeTranslated="true"/>
				<node name="summaryOff" value="Always display text in one column" toBeTranslated="true"/>
			</node>
			<node name="allowScreenBrightnessAdjustment" value="屏幕亮度调整">
				<node name="summaryOn" value="通过在屏幕左侧上下滑动手指来调整"/>
				<node name="summaryOff" value="禁用屏幕亮度调整"/>
			</node>
			<node name="dontTurnScreenOff" value="禁止屏幕睡眠">
				<node name="0" value="总是"/>
				<node name="25" value="当电量大于百分之25"/>
				<node name="50" value="当电量大于百分之50"/>
				<node name="100" value="从不"/>
			</node>
			<node name="dontTurnScreenOffDuringCharging" value="在充电时防止屏幕进入睡眠状态">
				<node name="summaryOn" value="如果设备处于充电模式则禁止屏幕进入睡眠状态"/>
				<node name="summaryOff" value="如果设备处于充电模式则关闭屏幕"/>
			</node>
		</node>
		<node name="text" value="文字">
			<node name="summary" value="字体, 断字等等。"/>
			<node name="fontProperties" value="字体属性">
				<node name="summary" value="字体平滑选项"/>
				<node name="antiAlias" value="抗锯齿">
					<node name="summaryOn" value="抗锯齿已启用"/>
					<node name="summaryOff" value="抗锯齿已禁用"/>
				</node>
				<node name="deviceKerning" value="间距微调">
					<node name="summaryOn" value="间距微调已启用"/>
					<node name="summaryOff" value="间距微调已禁用"/>
				</node>
				<node name="dithering" value="抖动">
					<node name="summaryOn" value="色彩抖动已启用"/>
					<node name="summaryOff" value="色彩抖动已禁用"/>
				</node>
				<node name="hinting" value="微调">
					<node name="summaryOn" value="字体微调已启用"/>
					<node name="summaryOff" value="字体微调已禁用"/>
				</node>
				<node name="subpixel" value="次像素平滑">
					<node name="summaryOn" value="次像素平滑已启用"/>
					<node name="summaryOff" value="次像素平滑已禁用"/>
				</node>
			</node>
			<node name="font" value="字体">
				<node name="unchanged" value="&lt;不变&gt;"/>
			</node>
			<node name="fontSize" value="字体大小"/>
			<node name="fontSizeDifference" value="大小差异"/>
			<node name="fontStyle" value="字型">
				<node name="regular" value="正常"/>
				<node name="bold" value="加粗"/>
				<node name="italic" value="倾斜"/>
				<node name="boldItalic" value="加粗并倾斜"/>
			</node>
			<node name="bold" value="加粗">
				<node name="summaryOn" value="加粗"/>
				<node name="summaryOff" value="正常"/>
				<node name="unchanged" value="&lt;不变&gt;"/>
			</node>
			<node name="italic" value="倾斜">
				<node name="summaryOn" value="倾斜"/>
				<node name="summaryOff" value="规则"/>
				<node name="unchanged" value="&lt;不变&gt;"/>
			</node>
			<node name="underlined" value="下划线">
				<node name="summaryOn" value="下划线"/>
				<node name="summaryOff" value="正常"/>
				<node name="unchanged" value="&lt;不变&gt;"/>
			</node>
			<node name="strikedThrough" value="删除线">
				<node name="summaryOn" value="删除线"/>
				<node name="summaryOff" value="正常"/>
				<node name="unchanged" value="&lt;不变&gt;"/>
			</node>
			<node name="lineSpacing" value="行间距">
				<node name="unchanged" value="&lt;不变&gt;"/>
			</node>
			<node name="alignment" value="对齐">
				<node name="left" value="左"/>
				<node name="right" value="右"/>
				<node name="center" value="居中"/>
				<node name="justify" value="对齐"/>
				<node name="unchanged" value="&lt;不变&gt;"/>
			</node>
			<node name="autoHyphenations" value="自动断字">
				<node name="summaryOn" value="自动断字"/>
				<node name="summaryOff" value="禁止自动断字"/>
			</node>
			<node name="allowHyphenations" value="允许断字">
				<node name="summaryOn" value="断字"/>
				<node name="summaryOff" value="禁止断字"/>
				<node name="unchanged" value="&lt;不变&gt;"/>
			</node>
			<node name="firstLineIndent" value="首行缩进"/>
			<node name="spaceBefore" value="段前距"/>
			<node name="spaceAfter" value="段后距"/>
			<node name="leftIndent" value="左缩进"/>
			<node name="rightIndent" value="右缩进"/>
			<node name="more" value="更多样式">
				<node name="summary" value="分别设定标题、段落等."/>
				<node name="Regular Paragraph" value="连续段落">
					<node name="summary" value=""/>
				</node>
				<node name="Title" value="书名">
					<node name="summary" value=""/>
				</node>
				<node name="Section Title" value="章节标题">
					<node name="summary" value=""/>
				</node>
				<node name="Poem Title" value="诗标题">
					<node name="summary" value=""/>
				</node>
				<node name="Subtitle" value="副标题">
					<node name="summary" value=""/>
				</node>
				<node name="Annotation" value="摘要">
					<node name="summary" value=""/>
				</node>
				<node name="Epigraph" value="题词">
					<node name="summary" value=""/>
				</node>
				<node name="Stanza" value="节">
					<node name="summary" value=""/>
				</node>
				<node name="Verse" value="韵文">
					<node name="summary" value=""/>
				</node>
				<node name="Preformatted text" value="预置格式文本">
					<node name="summary" value=""/>
				</node>
				<node name="Image" value="图像">
					<node name="summary" value=""/>
				</node>
				<node name="Cite" value="举例">
					<node name="summary" value=""/>
				</node>
				<node name="Author" value="作者">
					<node name="summary" value=""/>
				</node>
				<node name="Date" value="日期">
					<node name="summary" value=""/>
				</node>
				<node name="Internal Hyperlink" value="内部超链接">
					<node name="summary" value=""/>
				</node>
				<node name="Footnote" value="脚注">
					<node name="summary" value=""/>
				</node>
				<node name="Emphasis" value="重点">
					<node name="summary" value=""/>
				</node>
				<node name="Strong" value="固定">
					<node name="summary" value=""/>
				</node>
				<node name="Subscript" value="下标">
					<node name="summary" value=""/>
				</node>
				<node name="Superscript" value="上标">
					<node name="summary" value=""/>
				</node>
				<node name="Code" value="编码">
					<node name="summary" value=""/>
				</node>
				<node name="StrikeThrough" value="删除线">
					<node name="summary" value=""/>
				</node>
				<node name="Italic" value="倾斜">
					<node name="summary" value=""/>
				</node>
				<node name="Bold" value="加粗">
					<node name="summary" value=""/>
				</node>
				<node name="Definition" value="定义">
					<node name="summary" value=""/>
				</node>
				<node name="Definition Description" value="定义描述">
					<node name="summary" value=""/>
				</node>
				<node name="Header 1" value="标题 1">
					<node name="summary" value=""/>
				</node>
				<node name="Header 2" value="标题 2">
					<node name="summary" value=""/>
				</node>
				<node name="Header 3" value="标题 3">
					<node name="summary" value=""/>
				</node>
				<node name="Header 4" value="标题 4">
					<node name="summary" value=""/>
				</node>
				<node name="Header 5" value="标题 5">
					<node name="summary" value=""/>
				</node>
				<node name="Header 6" value="标题 6">
					<node name="summary" value=""/>
				</node>
				<node name="External Hyperlink" value="外部链接">
					<node name="summary" value=""/>
				</node>
			</node>
		</node>
		<node name="css" value="CSS" toBeTranslated="true">
			<node name="summary" value="Apply/ignore values defined in CSS" toBeTranslated="true"/>
			<node name="fontSize" value="Font size" toBeTranslated="true">
				<node name="summaryOn" value="Apply font size defined in CSS" toBeTranslated="true"/>
				<node name="summaryOff" value="Ignore font size defined in CSS" toBeTranslated="true"/>
			</node>
			<node name="textAlignment" value="Text alignment" toBeTranslated="true">
				<node name="summaryOn" value="Apply text alignment defined in CSS" toBeTranslated="true"/>
				<node name="summaryOff" value="Ignore text alignment defined in CSS" toBeTranslated="true"/>
			</node>
		</node>
		<node name="colors" value="颜色 &amp; 墙纸">
			<node name="summary" value="设置颜色"/>
			<node name="background" value="背景色">
				<node name="solidColor" value="单色"/>
				<node name="leather" value="皮革"/>
				<node name="sepia" value="棕褐"/>
				<node name="wood" value="木质"/>
			</node>
			<node name="backgroundColor" value="背景色"/>
			<node name="selectionBackground" value="选择背景色"/>
			<node name="selectionForeground" value="选择的文本"/>
			<node name="text" value="普通文字"/>
			<node name="hyperlink" value="链接文字"/>
			<node name="hyperlinkVisited" value="已访问过的链接文字"/>
			<node name="highlighting" value="搜索结果背景"/>
			<node name="footer" value="页脚"/>
		</node>
		<node name="margins" value="边距">
			<node name="summary" value="文本空白距"/>
			<node name="left" value="左边距"/>
			<node name="right" value="右边距"/>
			<node name="top" value="顶边距"/>
			<node name="bottom" value="底边距"/>
			<node name="spaceBetweenColumns" value="Space between columns" toBeTranslated="true"/>
		</node>
		<node name="scrollBar" value="滚动条">
			<node name="summary" value="滚动条 &amp; 页脚设定"/>
			<node name="scrollbarType" value="滚动条设置">
				<node name="hide" value="隐藏"/>
				<node name="show" value="垂直滚动"/>
				<node name="showAsProgress" value="垂直进度方式"/>
				<node name="showAsFooter" value="水平页脚方式"/>
			</node>
			<node name="footerHeight" value="页脚高度"/>
			<node name="footerColor" value="页脚颜色"/>
			<node name="tocMarks" value="显示内容目录标志">
				<node name="summaryOn" value="在页脚栏显示内容目录标志"/>
				<node name="summaryOff" value="不在页脚栏显示内容目录标志"/>
			</node>
			<node name="showProgress" value="显示页码">
				<node name="summaryOn" value="在页脚显示页码"/>
				<node name="summaryOff" value="不在页脚显示页码"/>
			</node>
			<node name="showBattery" value="显示电量百分比">
				<node name="summaryOn" value="在页脚显示电量百分比"/>
				<node name="summaryOff" value="不在页脚显示电量百分比"/>
			</node>
			<node name="showClock" value="显示时间">
				<node name="summaryOn" value="页脚处显示时间"/>
				<node name="summaryOff" value="不在页脚处显示时间"/>
			</node>
			<node name="font" value="字体"/>
		</node>
		<node name="scrolling" value="翻阅操作">
			<node name="summary" value="如何翻阅文字内容"/>
			<node name="fingerScrolling" value="触滑屏幕翻阅">
				<node name="byTap" value="手指拍触屏幕翻页"/>
				<node name="byFlick" value="手指触滑翻页"/>
				<node name="byTapAndFlick" value="触滑或者拍触以翻页"/>
			</node>
			<node name="enableDoubleTapDetection" value="连续拍触动作设定">
				<node name="summaryOn" value="连续拍触屏幕两次显示对话框/菜单"/>
				<node name="summaryOff" value="忽略连续拍触动作"/>
			</node>
			<node name="volumeKeys" value="音量键滚动">
				<node name="summaryOn" value="使用音量键翻页"/>
				<node name="summaryOff" value="音量键仅用于声音"/>
			</node>
			<node name="invertVolumeKeys" value="用音量键来翻动">
				<node name="summaryOn" value="允许上 (下) 键上(下)翻动页面"/>
				<node name="summaryOff" value="禁止上 (下) 键上(下)翻动页面"/>
			</node>
			<node name="animation" value="动画效果">
				<node name="none" value="无动画效果的滚屏"/>
				<node name="curl" value="翻卷动画"/>
				<node name="slide" value="滑动动画"/>
				<node name="shift" value="移动动画"/>
			</node>
			<node name="animationSpeed" value="动画速度">
				<node name="fast" value="快"/>
				<node name="slow" value="慢"/>
			</node>
			<node name="horizontal" value="横屏翻阅">
				<node name="summaryOn" value="横屏翻阅"/>
				<node name="summaryOff" value="纵屏翻阅"/>
			</node>
		</node>
		<node name="tapZones" value="拍触区域">
			<node name="summary" value="手指拍触动作设定"/>
			<node name="tapZonesScheme" value="拍触区域设定">
				<node name="left_to_right" value="从左向右翻阅"/>
				<node name="right_to_left" value="从右向左翻阅"/>
				<node name="up" value="从下往上翻阅"/>
				<node name="down" value="从上往下翻阅"/>
				<node name="custom" value="定制…"/>
			</node>
		</node>
		<node name="dictionary" value="字典设定">
			<node name="summary" value="设置字典及其对应操作"/>
			<node name="dictionary" value="字典"/>
			<node name="translator" value="译者"/>
			<node name="tappingAction" value="长按动作设定">
				<node name="doNothing" value="长按不做任何事"/>
				<node name="selectSingleWord" value="长按选择词语"/>
				<node name="startSelecting" value="长按选择内容"/>
				<node name="openDictionary" value="长按选择词语，放开后打开字典"/>
			</node>
			<node name="navigateOverAllWords" value="导航键访问词句设定">
				<node name="summaryOn" value="导航键访问所有的词句"/>
				<node name="summaryOff" value="导航键仅访问超链接词句"/>
			</node>
		</node>
		<node name="images" value="图像设定">
			<node name="summary" value="图像显示选项"/>
			<node name="backgroundColor" value="图像显示时的背景颜色"/>
			<node name="tappingAction" value="长按动作设定">
				<node name="doNothing" value="长按不做任何事"/>
				<node name="selectImage" value="长按选择图像"/>
				<node name="openImageView" value="长按打开图像"/>
			</node>
			<node name="fitImagesToScreen" value="Fit images to screen" toBeTranslated="true">
				<node name="none" value="None" toBeTranslated="true"/>
				<node name="covers" value="Covers only" toBeTranslated="true"/>
				<node name="all" value="All" toBeTranslated="true"/>
			</node>
		</node>
		<node name="cancelMenu" value="取消菜单设定">
			<node name="summary" value="设定回退按键动作"/>
			<node name="library" value="书库">
				<node name="summaryOn" value="显示 '打开书库' 项目"/>
				<node name="summaryOff" value="不显示 '打开书库' 项目"/>
			</node>
			<node name="networkLibrary" value="网络书库">
				<node name="summaryOn" value="显示 '打开网络书库' 项目"/>
				<node name="summaryOff" value="不显示 '打开网络书库' 项目"/>
			</node>
			<node name="previousBook" value="上一本书">
				<node name="summaryOn" value="显示“返回到上一本书”"/>
				<node name="summaryOff" value="不显示“返回到上一本书”"/>
			</node>
			<node name="positions" value="最近浏览的3处位置">
				<node name="summaryOn" value="显示最近浏览的3处位置"/>
				<node name="summaryOff" value="不显示最近浏览的3处位置"/>
			</node>
			<node name="backKeyAction" value="回退键动作设定">
				<node name="exit" value="关闭 阅读器"/>
				<node name="goBack" value="后退到前一个界面"/>
				<node name="cancelMenu" value="显示取消菜单"/>
			</node>
			<node name="backKeyLongPressAction" value="长按回退键动作设定">
				<node name="exit" value="关闭FBReader"/>
				<node name="goBack" value="后退到前一个界面"/>
				<node name="cancelMenu" value="显示取消菜单"/>
				<node name="none" value="不做任何事"/>
			</node>
		</node>
	</node>
		<node name="plugin">
			<node name="installTitle" value="安装插件"/>
			<node name="updateTitle" value="更新插件"/>
			<node name="dontAskAgain" value="别再问了"/>
		</node>
		<node name="installDictionary">
			<node name="title" value="安装字典"/>
			<node name="message" value="你希望安装 %s 么?"/>
		</node>
		<node name="deleteBookBox">
			<node name="message" value="确认删除该文件?"/>
		</node>
		<node name="redownloadFileBox">
			<node name="message" value="该文件已存在，确认重新下载?"/>
		</node>
		
		<node name="languageFilterDialog">
			<node name="title" value="语言过滤"/>
		</node>
	</node>
	<node name="errorMessage">
		<node name="cannotRunAndroidMarket" value="无法访问Android官方应用市场. 请手工安装 %s ."/>
		<node name="textNotFound" value="对不起，本书中找不到对应内容"/>
		<node name="bookNotFound" value="对不起，书库中找不到需要的书籍"/>
		<node name="bookmarkNotFound" value="对不起，找不到对应的书签"/>
		<node name="cannotOpenBook" value="对不起，无法开启本书"/>
		<node name="dictionaryIsNotInstalled" value="抱歉，你没有安装字典."/>
		<node name="permissionDenied" value="对不起，没有权限"/>
		<node name="noFavorites" value="对不起，你的收藏列表为空"/>
		<node name="noSeries" value="There are no books in series, sorry" toBeTranslated="true"/>
		<node name="emptyCatalog" value="空书库目录"/>
		<node name="emptyBasket" value="很抱歉，你的购物篮是空的"/>
		<node name="emptyNetworkSearchResults" value="没有找到对应的书籍"/>
	</node>
	<node name="external">
		<node name="browser" value="浏览器"/>
		<node name="defaultBrowser" value="默认浏览器"/>
	</node>
	<node name="mobipocketPlugin">
		<node name="unknown" value="未知的错误"/>
		<node name="unsupportedCompressionMethod" value="不支持的压缩方法"/>
		<node name="encryptedFile" value="受版权保护文件"/>
	</node>
	<node name="crash">
		<node name="fixBooksDirectory">
			<node name="title" value="简易阅读器-问题"/>
			<node name="text" value="简易阅读器 缓存目录无法写入，或许你忘了插入或已拔出内存卡。请处理这个问题，或者进入下面的另一个文件夹。"/>
		</node>
		<node name="missingNativeLibrary">
			<node name="title" value="简易阅读器-问题"/>
			<node name="text" value="简易阅读器无法加载本地库. 可能未正确安装. 如果问题还存在, 请重新安装FBReader."/>
		</node>
	</node>
	<node name="error">
		<node name="bookReading">
			<node name="title" value="简易阅读器=问题"/>
		</node>
	</node>
	<node name="bookReadingException">
		<node name="errorReadingFile" value="读取 '%s' 时发生错误"/>
		<node name="errorReadingZip" value="解压 '%s' 时发生错误"/>
		<node name="pluginNotFound" value="没有这个插件 '%s'"/>
		<node name="unknownPluginType" value="未知插件类型: %s"/>
		<node name="fileNotFound" value="文件未找到: %s"/>
		<node name="opfFileNotFound" value="在 %s 文件夹未找到 OPF  "/>
		<node name="unsupportedFileFormat" value="文件格式 '%s' 不支持"/>
		<node name="errorParsingRtf" value="Rtf解析错误: %s"/>
	</node>
	   <node name="waitMessage">
            <node name="search" value="搜索中，请等待…"/>
            <node name="loadInfo" value="信息加载中，请等待…"/>
            <node name="loadingBook" value="图书加载中，请等待…"/>
            <node name="loadingBookList" value="书库加载中，请等待…"/>
        </node>
</resources>
