<?xml version="1.0" encoding="UTF-8"?>
<!-- Chinese zlibrary resources, by http://shucang.com/ -->
<resources>
	<node name="dialog">
		<node name="button">
			<node name="ok" value="确定"/>
			<node name="cancel" value="取消"/>
			<node name="yes" value="是"/>
			<node name="no" value="否"/>
			<node name="apply" value="应用"/>
		    <node name="openbook" value="阅读"/>
	        <node name="reloadInfo" value="刷新"/>	
		</node>
	</node>
	<node name="color">
		<node name="red" value="红色"/>
		<node name="green" value="绿色"/>
		<node name="blue" value="蓝色"/>
	</node>
	<node name="language">
		<node name="ar" value="阿拉伯语"/>
		<node name="bg" value="Bulgarian" toBeTranslated="true"/>
		<node name="cs" value="捷克语"/>
		<node name="de" value="德语"/>
		<node name="de-traditional" value="德语 (传统正字法)"/>
		<node name="el" value="希腊语"/>
		<node name="en" value="英语"/>
		<node name="eo" value="世界语"/>
		<node name="es" value="西班牙语"/>
		<node name="fi" value="芬兰语"/>
		<node name="fr" value="法语"/>
		<node name="gl" value="加里西亚语"/>
		<node name="he" value="希伯来语"/>
		<node name="hu" value="匈牙利语"/>
		<node name="id" value="印度语"/>
		<node name="it" value="意大利语"/>
		<node name="ka" value="Georgian" toBeTranslated="true"/>
		<node name="lt" value="立陶宛语"/>
		<node name="nl" value="荷兰语"/>
		<node name="nb" value="挪威语"/>
		<node name="pl" value="波兰语"/>
		<node name="pt" value="葡萄牙语"/>
		<node name="ro" value="罗马尼亚语"/>
		<node name="ru" value="俄罗斯语"/>
		<node name="sv" value="瑞典语"/>
		<node name="ta" value="泰米尔语"/>
		<node name="th" value="泰国语"/>
		<node name="tr" value="土耳其语"/>
		<node name="uk" value="乌克兰语"/>
		<node name="vi" value="越南语"/>
		<node name="zh" value="中文"/>
		<node name="other" value="其他"/>
		<node name="multi" value="多语言"/>
		<node name="system" value="系统" toBeTranslated="true"/>
	</node>
	<node name="boolean3">
		<node name="on" value="开"/>
		<node name="off" value="关"/>
		<node name="unchanged" value="不变"/>
	</node>
	<node name="keyOptionView">
		<node name="actionFor" value="按键设置快捷操作"/>
	</node>
</resources>
