<?xml version="1.0" encoding="UTF-8"?>
<!-- FBReaderJ, Traditional Chinese, by Fung.T -->
<resources>
	<node name="dialog">
		<node name="button">
			<node name="ok" value="確定"/>
			<node name="cancel" value="取消"/>
			<node name="yes" value="是"/>
			<node name="no" value="否"/>
			<node name="apply" value="實施"/>
		    <node name="openbook" value="阅读"/>
	        <node name="reloadInfo" value="刷新"/>
		</node>
	</node>
	<node name="color">
		<node name="red" value="紅色"/>
		<node name="green" value="綠色"/>
		<node name="blue" value="藍色"/>
	</node>
	<node name="language">
		<node name="ar" value="Arabic" toBeTranslated="true"/>
		<node name="bg" value="Bulgarian" toBeTranslated="true"/>
		<node name="cs" value="Czech" toBeTranslated="true"/>
		<node name="de" value="German" toBeTranslated="true"/>
		<node name="de-traditional" value="German (traditional orthography)"/>
		<node name="el" value="Greek" toBeTranslated="true"/>
		<node name="en" value="English" toBeTranslated="true"/>
		<node name="eo" value="Esperanto" toBeTranslated="true"/>
		<node name="es" value="Spanish" toBeTranslated="true"/>
		<node name="fi" value="Finnish" toBeTranslated="true"/>
		<node name="fr" value="French" toBeTranslated="true"/>
		<node name="gl" value="Galician" toBeTranslated="true"/>
		<node name="he" value="Hebrew" toBeTranslated="true"/>
		<node name="hu" value="Hungarian" toBeTranslated="true"/>
		<node name="id" value="Indonesian" toBeTranslated="true"/>
		<node name="it" value="Italian" toBeTranslated="true"/>
		<node name="ka" value="Georgian" toBeTranslated="true"/>
		<node name="lt" value="Lithuanian" toBeTranslated="true"/>
		<node name="nl" value="Dutch" toBeTranslated="true"/>
		<node name="nb" value="Norwegian" toBeTranslated="true"/>
		<node name="pl" value="Polish" toBeTranslated="true"/>
		<node name="pt" value="Portuguese" toBeTranslated="true"/>
		<node name="ro" value="Romanian" toBeTranslated="true"/>
		<node name="ru" value="Russian" toBeTranslated="true"/>
		<node name="sv" value="Swedish" toBeTranslated="true"/>
		<node name="ta" value="Tamil" toBeTranslated="true"/>
		<node name="th" value="Thai" toBeTranslated="true"/>
		<node name="tr" value="Turkish" toBeTranslated="true"/>
		<node name="uk" value="Ukrainian" toBeTranslated="true"/>
		<node name="vi" value="Vietnamese" toBeTranslated="true"/>
		<node name="zh" value="中文"/>
		<node name="other" value="其他"/>
		<node name="multi" value="多種語言"/>
		<node name="system" value="System" toBeTranslated="true"/>
	</node>
	<node name="boolean3">
		<node name="on" value="開"/>
		<node name="off" value="關"/>
		<node name="unchanged" value="不變"/>
	</node>
	<node name="keyOptionView">
		<node name="actionFor" value="按鍵動作"/>
	</node>
</resources>
